strain,time,rep,nt,ht,nt-dil,ht-dil
Spo_0A,0,A,54,0,7,3
Spo_0A,0,B,39,0,7,3
Spo_0A,0,C,35,0,7,3
Spo_0A,0,D,37,0,7,3
Spo_0A,24,A,62,0,6,3
Spo_0A,24,B,56,0,6,3
Spo_0A,24,C,58,0,6,3
Spo_0A,24,D,64,0,6,3
Spo_0A,48,A,182,0,5,3
Spo_0A,48,B,195,0,5,3
Spo_0A,48,C,207,0,5,3
Spo_0A,48,D,224,0,5,3
Spo_0A,72,A,83,0,5,3
Spo_0A,72,B,137,0,5,3
Spo_0A,72,C,91,0,5,3
Spo_0A,72,D,122,0,5,3
Spo_0A,96,A,129,0,5,3
Spo_0A,96,B,96,0,5,3
Spo_0A,96,C,125,0,5,3
Spo_0A,96,D,131,0,5,3
Spo_0A,120,A,167,0,5,3
Spo_0A,120,B,123,0,5,3
Spo_0A,120,C,147,0,5,3
Spo_0A,120,D,155,0,5,3
Spo_0A,144,A,168,0,5,3
Spo_0A,144,B,144,0,5,3
Spo_0A,144,C,122,0,5,3
Spo_0A,144,D,154,0,5,3
Spo_0A,168,A,156,0,5,3
Spo_0A,168,B,124,0,5,3
Spo_0A,168,C,133,0,5,3
Spo_0A,168,D,119,0,5,3
Spo_0A,192,A,155,0,5,3
Spo_0A,192,B,119,0,5,3
Spo_0A,192,C,107,0,5,3
Spo_0A,192,D,127,0,5,3
Spo_0A,216,A,137,0,5,3
Spo_0A,216,B,123,0,5,3
Spo_0A,216,C,113,0,5,3
Spo_0A,216,D,169,0,5,3
Spo_0A,264,A,106,0,5,3
Spo_0A,264,B,71,0,5,3
Spo_0A,264,C,109,0,5,3
Spo_0A,264,D,147,0,5,3
Spo_0A,312,A,138,0,5,3
Spo_0A,312,B,153,0,5,3
Spo_0A,312,C,122,0,5,3
Spo_0A,312,D,153,0,5,3
Spo_0A,360,A,101,0,5,3
Spo_0A,360,B,105,0,5,3
Spo_0A,360,C,142,0,5,3
Spo_0A,360,D,125,0,5,3
Spo_0A,408,A,117,0,5,3
Spo_0A,408,B,140,0,5,3
Spo_0A,408,C,96,0,5,3
Spo_0A,408,D,51,0,5,3
Spo_0A,456,A,73,0,5,3
Spo_0A,456,B,65,0,5,3
Spo_0A,456,C,77,0,5,3
Spo_0A,456,D,80,0,5,3
Spo_0A,504,A,115,0,5,3
Spo_0A,504,B,127,0,5,3
Spo_0A,504,C,133,0,5,3
Spo_0A,504,D,125,0,5,3
Spo_0A,552,A,102,0,5,3
Spo_0A,552,B,82,0,5,3
Spo_0A,552,C,101,0,5,3
Spo_0A,552,D,85,0,5,3
Spo_0A,600,A,101,0,5,3
Spo_0A,600,B,97,0,5,3
Spo_0A,600,C,83,0,5,3
Spo_0A,600,D,95,0,5,3
Spo_0A,648,A,109,0,5,3
Spo_0A,648,B,121,0,5,3
Spo_0A,648,C,134,0,5,3
Spo_0A,648,D,128,0,5,3
Spo_0A,696,A,86,0,5,3
Spo_0A,696,B,77,0,5,3
Spo_0A,696,C,52,0,5,3
Spo_0A,696,D,107,0,5,3
Spo_0A,744,A,101,0,5,3
Spo_0A,744,B,93,0,5,3
Spo_0A,744,C,102,0,5,3
Spo_0A,744,D,88,0,5,3
Spo_0A,792,A,37,0,5,3
Spo_0A,792,B,35,0,5,3
Spo_0A,792,C,86,0,5,3
Spo_0A,792,D,21,0,5,3
Spo_0A,840,A,12,0,5,3
Spo_0A,840,B,8,0,5,3
Spo_0A,840,C,30,0,5,3
Spo_0A,840,D,37,0,5,3
Spo_0A,888,A,103,0,4,3
Spo_0A,888,B,110,0,4,3
Spo_0A,888,C,154,0,4,3
Spo_0A,888,D,148,0,4,3
Spo_0A,936,A,77,0,4,3
Spo_0A,936,B,51,0,4,3
Spo_0A,936,C,85,0,4,3
Spo_0A,936,D,105,0,4,3
Spo_0A,984,A,93,0,4,3
Spo_0A,984,B,89,0,4,3
Spo_0A,984,C,73,0,4,3
Spo_0A,984,D,101,0,4,3
Spo_0A,1032,A,122,0,4,2
Spo_0A,1032,B,122,0,4,2
Spo_0A,1032,C,98,0,4,2
Spo_0A,1032,D,110,0,4,2
Spo_0A,1080,A,89,0,4,1
Spo_0A,1080,B,114,0,4,1
Spo_0A,1080,C,155,0,4,1
Spo_0A,1080,D,152,0,4,1
Spo_0A,1128,A,101,0,4,1
Spo_0A,1128,B,62,0,4,1
Spo_0A,1128,C,70,0,4,1
Spo_0A,1128,D,60,0,4,1
Spo_0A,1176,A,42,0,4,2
Spo_0A,1176,B,86,0,4,2
Spo_0A,1176,C,48,0,4,2
Spo_0A,1176,D,80,0,4,2
Spo_0A,1224,A,74,0,4,2
Spo_0A,1224,B,79,0,4,2
Spo_0A,1224,C,91,0,4,2
Spo_0A,1224,D,81,0,4,2
Spo_0A,1272,A,94,0,4,2
Spo_0A,1272,B,97,0,4,2
Spo_0A,1272,C,75,0,4,2
Spo_0A,1272,D,119,0,4,2
Spo_0A,1320,A,134,0,4,2
Spo_0A,1320,B,108,0,4,2
Spo_0A,1320,C,133,0,4,2
Spo_0A,1320,D,148,0,4,2
Spo_0A,1368,A,247,0,4,2
Spo_0A,1368,B,222,0,4,2
Spo_0A,1368,C,292,0,4,2
Spo_0A,1368,D,321,0,4,2
Spo_0A,1416,A,325,0,4,2
Spo_0A,1416,B,329,0,4,2
Spo_0A,1416,C,321,0,4,2
Spo_0A,1416,D,306,0,4,2
Spo_0A,1464,A,81,0,5,2
Spo_0A,1464,B,73,0,5,2
Spo_0A,1464,C,105,0,5,2
Spo_0A,1464,D,88,0,5,2
Spo_0A,1512,A,90,0,5,2
Spo_0A,1512,B,92,0,5,2
Spo_0A,1512,C,92,0,5,2
Spo_0A,1512,D,93,0,5,2
Spo_0A,1560,A,99,0,5,2
Spo_0A,1560,B,127,0,5,2
Spo_0A,1560,C,76,0,5,2
Spo_0A,1560,D,89,0,5,2
Spo_0A,1608,A,62,0,5,2
Spo_0A,1608,B,71,0,5,2
Spo_0A,1608,C,83,0,5,2
Spo_0A,1608,D,97,0,5,2
Spo_0A,1656,A,73,0,5,2
Spo_0A,1656,B,68,0,5,2
Spo_0A,1656,C,59,0,5,2
Spo_0A,1656,D,56,0,5,2
Spo_0A,1704,A,67,0,5,2
Spo_0A,1704,B,40,0,5,2
Spo_0A,1704,C,46,0,5,2
Spo_0A,1704,D,45,0,5,2
Spo_0A,1752,A,202,0,4,2
Spo_0A,1752,B,270,0,4,2
Spo_0A,1752,C,235,0,4,2
Spo_0A,1752,D,251,0,4,2
Spo_0A,1800,A,27,0,5,2
Spo_0A,1800,B,36,0,5,2
Spo_0A,1800,C,30,0,5,2
Spo_0A,1800,D,39,0,5,2
Spo_0A,1848,A,30,0,5,2
Spo_0A,1848,B,28,0,5,2
Spo_0A,1848,C,24,0,5,2
Spo_0A,1848,D,26,0,5,2
Spo_0A,1896,A,117,0,4,2
Spo_0A,1896,B,96,0,4,2
Spo_0A,1896,C,126,0,4,2
Spo_0A,1896,D,106,0,4,2
Spo_0A,1944,A,87,0,4,2
Spo_0A,1944,B,107,0,4,2
Spo_0A,1944,C,103,0,4,2
Spo_0A,1944,D,102,0,4,2
Spo_0A,1992,A,120,0,4,2
Spo_0A,1992,B,103,0,4,2
Spo_0A,1992,C,116,0,4,2
Spo_0A,1992,D,132,0,4,2
Spo_0A,2040,A,74,0,4,2
Spo_0A,2040,B,79,0,4,2
Spo_0A,2040,C,97,0,4,2
Spo_0A,2040,D,91,0,4,2
Spo_0A,2088,A,46,0,5,2
Spo_0A,2088,B,52,0,5,2
Spo_0A,2088,C,45,0,5,2
Spo_0A,2088,D,49,0,5,2
Spo_0A,2136,A,284,0,4,2
Spo_0A,2136,B,333,0,4,2
Spo_0A,2136,C,332,0,4,2
Spo_0A,2136,D,338,0,4,2
Spo_0A,2184,A,51,0,5,2
Spo_0A,2184,B,74,0,5,2
Spo_0A,2184,C,68,0,5,2
Spo_0A,2184,D,71,0,5,2
Spo_0A,2232,A,109,0,5,2
Spo_0A,2232,B,125,0,5,2
Spo_0A,2232,C,107,0,5,2
Spo_0A,2232,D,124,0,5,2
Spo_0A,2280,A,83,0,5,2
Spo_0A,2280,B,79,0,5,2
Spo_0A,2280,C,82,0,5,2
Spo_0A,2280,D,82,0,5,2
Spo_0A,2328,A,106,0,5,2
Spo_0A,2328,B,118,0,5,2
Spo_0A,2328,C,90,0,5,2
Spo_0A,2328,D,138,0,5,2
Spo_0A,2376,A,121,0,5,2
Spo_0A,2376,B,111,0,5,2
Spo_0A,2376,C,136,0,5,2
Spo_0A,2376,D,174,0,5,2
Spo_0A,2424,A,115,0,5,2
Spo_0A,2424,B,150,0,5,2
Spo_0A,2424,C,151,0,5,2
Spo_0A,2424,D,184,0,5,2
Spo_0A,2472,A,137,0,5,2
Spo_0A,2472,B,149,0,5,2
Spo_0A,2472,C,176,0,5,2
Spo_0A,2472,D,171,0,5,2
Spo_0A,2520,A,125,0,5,2
Spo_0A,2520,B,131,0,5,2
Spo_0A,2520,C,110,0,5,2
Spo_0A,2520,D,109,0,5,2
Spo_0A,2568,A,90,0,5,2
Spo_0A,2568,B,112,0,5,2
Spo_0A,2568,C,121,0,5,2
Spo_0A,2568,D,128,0,5,2
Spo_0A,2616,A,103,0,5,2
Spo_0A,2616,B,127,0,5,2
Spo_0A,2616,C,113,0,5,2
Spo_0A,2616,D,111,0,5,2
Spo_0A,2664,A,115,0,5,2
Spo_0A,2664,B,91,0,5,2
Spo_0A,2664,C,124,0,5,2
Spo_0A,2664,D,110,0,5,2
Spo_0A,2712,A,73,0,5,2
Spo_0A,2712,B,102,0,5,2
Spo_0A,2712,C,95,0,5,2
Spo_0A,2712,D,97,0,5,2
Spo_0A,2760,A,58,0,5,2
Spo_0A,2760,B,76,0,5,2
Spo_0A,2760,C,86,0,5,2
Spo_0A,2760,D,84,0,5,2
Spo_0A,2808,A,40,0,5,2
Spo_0A,2808,B,77,0,5,2
Spo_0A,2808,C,43,0,5,2
Spo_0A,2808,D,59,0,5,2
Spo_0A,2856,A,64,0,5,2
Spo_0A,2856,B,55,0,5,2
Spo_0A,2856,C,72,0,5,2
Spo_0A,2856,D,73,0,5,2
Spo_0A,2904,A,29,0,5,2
Spo_0A,2904,B,30,0,5,2
Spo_0A,2904,C,36,0,5,2
Spo_0A,2904,D,29,0,5,2
Spo_0A,2952,A,47,0,5,2
Spo_0A,2952,B,48,0,5,2
Spo_0A,2952,C,49,0,5,2
Spo_0A,2952,D,40,0,5,2
Spo_0A,3000,A,51,0,5,2
Spo_0A,3000,B,53,0,5,2
Spo_0A,3000,C,41,0,5,2
Spo_0A,3000,D,46,0,5,2
Spo_0A,3048,A,34,0,5,2
Spo_0A,3048,B,42,0,5,2
Spo_0A,3048,C,38,0,5,2
Spo_0A,3048,D,57,0,5,2
Spo_0A,3096,A,22,0,5,2
Spo_0A,3096,B,35,0,5,2
Spo_0A,3096,C,27,0,5,2
Spo_0A,3096,D,36,0,5,2
Spo_0A,3144,A,28,0,5,2
Spo_0A,3144,B,23,0,5,2
Spo_0A,3144,C,32,0,5,2
Spo_0A,3144,D,35,0,5,2
Spo_0A,3192,A,39,0,5,2
Spo_0A,3192,B,52,0,5,2
Spo_0A,3192,C,44,0,5,2
Spo_0A,3192,D,65,0,5,2
Spo_0A,3240,A,45,0,5,2
Spo_0A,3240,B,45,0,5,2
Spo_0A,3240,C,61,0,5,2
Spo_0A,3240,D,75,0,5,2
Spo_0A,3288,A,36,0,5,2
Spo_0A,3288,B,63,0,5,2
Spo_0A,3288,C,45,0,5,2
Spo_0A,3288,D,68,0,5,2
Spo_0A,3336,A,51,0,5,2
Spo_0A,3336,B,57,0,5,2
Spo_0A,3336,C,48,0,5,2
Spo_0A,3336,D,55,0,5,2
Spo_0A,3384,A,33,0,5,2
Spo_0A,3384,B,31,0,5,2
Spo_0A,3384,C,33,0,5,2
Spo_0A,3384,D,38,0,5,2
Spo_0A,3432,A,44,0,5,2
Spo_0A,3432,B,41,0,5,2
Spo_0A,3432,C,44,0,5,2
Spo_0A,3432,D,38,0,5,2
Spo_0A,3480,A,47,0,5,2
Spo_0A,3480,B,47,0,5,2
Spo_0A,3480,C,28,0,5,2
Spo_0A,3480,D,32,0,5,2
Spo_0A,3528,A,54,0,5,2
Spo_0A,3528,B,38,0,5,2
Spo_0A,3528,C,60,0,5,2
Spo_0A,3528,D,49,0,5,2
Spo_0A,3576,A,83,0,5,2
Spo_0A,3576,B,86,0,5,2
Spo_0A,3576,C,94,0,5,2
Spo_0A,3576,D,89,0,5,2
Spo_0A,3624,A,58,0,5,2
Spo_0A,3624,B,59,0,5,2
Spo_0A,3624,C,82,0,5,2
Spo_0A,3624,D,60,0,5,2
Spo_0A,3672,A,69,0,5,2
Spo_0A,3672,B,54,0,5,2
Spo_0A,3672,C,70,0,5,2
Spo_0A,3672,D,51,0,5,2
Spo_0A,3720,A,49,0,5,2
Spo_0A,3720,B,40,0,5,2
Spo_0A,3720,C,64,0,5,2
Spo_0A,3720,D,52,0,5,2
Spo_0A,3768,A,42,0,5,2
Spo_0A,3768,B,37,0,5,2
Spo_0A,3768,C,45,0,5,2
Spo_0A,3768,D,49,0,5,2
Spo_0A,3816,A,38,0,5,2
Spo_0A,3816,B,37,0,5,2
Spo_0A,3816,C,32,0,5,2
Spo_0A,3816,D,32,0,5,2
Spo_0A,3864,A,22,0,5,2
Spo_0A,3864,B,28,0,5,2
Spo_0A,3864,C,23,0,5,2
Spo_0A,3864,D,22,0,5,2
Spo_0A,3912,A,16,0,5,2
Spo_0A,3912,B,18,0,5,2
Spo_0A,3912,C,11,0,5,2
Spo_0A,3912,D,10,0,5,2
Spo_0A,3960,A,47,0,4,2
Spo_0A,3960,B,43,0,4,2
Spo_0A,3960,C,44,0,4,2
Spo_0A,3960,D,45,0,4,2
Spo_0A,4008,A,32,0,4,2
Spo_0A,4008,B,28,0,4,2
Spo_0A,4008,C,25,0,4,2
Spo_0A,4008,D,25,0,4,2
Spo_0A,4056,A,8,0,4,2
Spo_0A,4056,B,2,0,4,2
Spo_0A,4056,C,5,0,4,2
Spo_0A,4056,D,1,0,4,2
Spo_0A,4104,A,2,0,4,2
Spo_0A,4104,B,1,0,4,2
Spo_0A,4104,C,1,0,4,2
Spo_0A,4104,D,2,0,4,2
Spo_0A,4152,A,257,0,4,2
Spo_0A,4152,B,222,0,4,2
Spo_0A,4152,C,233,0,4,2
Spo_0A,4152,D,262,0,4,2
Spo_0A,4200,A,298,0,4,2
Spo_0A,4200,B,292,0,4,2
Spo_0A,4200,C,293,0,4,2
Spo_0A,4200,D,302,0,4,2
Spo_0A,4248,A,70,0,5,2
Spo_0A,4248,B,53,0,5,2
Spo_0A,4248,C,65,0,5,2
Spo_0A,4248,D,82,0,5,2
Spo_0A,4296,A,51,0,5,2
Spo_0A,4296,B,47,0,5,2
Spo_0A,4296,C,59,0,5,2
Spo_0A,4296,D,53,0,5,2
Spo_0A,4344,A,25,0,5,2
Spo_0A,4344,B,28,0,5,2
Spo_0A,4344,C,20,0,5,2
Spo_0A,4344,D,33,0,5,2
Spo_0A,4392,A,35,0,5,2
Spo_0A,4392,B,25,0,5,2
Spo_0A,4392,C,27,0,5,2
Spo_0A,4392,D,43,0,5,2
Spo_0A,4440,A,48,0,5,2
Spo_0A,4440,B,35,0,5,2
Spo_0A,4440,C,48,0,5,2
Spo_0A,4440,D,66,0,5,2
Spo_0A,4488,A,54,0,5,2
Spo_0A,4488,B,51,0,5,2
Spo_0A,4488,C,50,0,5,2
Spo_0A,4488,D,44,0,5,2
Spo_0A,4536,A,51,0,5,2
Spo_0A,4536,B,36,0,5,2
Spo_0A,4536,C,37,0,5,2
Spo_0A,4536,D,64,0,5,2
Spo_0A,4584,A,44,0,5,2
Spo_0A,4584,B,61,0,5,2
Spo_0A,4584,C,57,0,5,2
Spo_0A,4584,D,61,0,5,2
Spo_0A,4632,A,46,0,5,2
Spo_0A,4632,B,37,0,5,2
Spo_0A,4632,C,47,0,5,2
Spo_0A,4632,D,63,0,5,2
Spo_0A,4680,A,38,0,5,2
Spo_0A,4680,B,44,0,5,2
Spo_0A,4680,C,33,0,5,2
Spo_0A,4680,D,41,0,5,2
Spo_0A,4728,A,42,0,5,2
Spo_0A,4728,B,57,0,5,2
Spo_0A,4728,C,61,0,5,2
Spo_0A,4728,D,40,0,5,2
Spo_0A,4776,A,25,0,5,2
Spo_0A,4776,B,43,0,5,2
Spo_0A,4776,C,33,0,5,2
Spo_0A,4776,D,34,0,5,2
Spo_0A,4824,A,34,0,5,2
Spo_0A,4824,B,21,0,5,2
Spo_0A,4824,C,34,0,5,2
Spo_0A,4824,D,28,0,5,2
Spo_0A,4872,A,18,0,5,2
Spo_0A,4872,B,19,0,5,2
Spo_0A,4872,C,28,0,5,2
Spo_0A,4872,D,17,0,5,2
Spo_0A,4920,A,30,0,5,2
Spo_0A,4920,B,24,0,5,2
Spo_0A,4920,C,25,0,5,2
Spo_0A,4920,D,21,0,5,2
Spo_0A,4968,A,22,0,5,2
Spo_0A,4968,B,25,0,5,2
Spo_0A,4968,C,17,0,5,2
Spo_0A,4968,D,14,0,5,2
Spo_0A,5016,A,16,0,5,2
Spo_0A,5016,B,20,0,5,2
Spo_0A,5016,C,11,0,5,2
Spo_0A,5016,D,14,0,5,2
Spo_0A,5064,A,74,0,4,2
Spo_0A,5064,B,105,0,4,2
Spo_0A,5064,C,98,0,4,2
Spo_0A,5064,D,89,0,4,2
Spo_0A,5112,A,64,0,4,2
Spo_0A,5112,B,79,0,4,2
Spo_0A,5112,C,51,0,4,2
Spo_0A,5112,D,63,0,4,2
Spo_0A,5856,A,15,0,5,2
Spo_0A,5856,B,23,0,5,2
Spo_0A,5856,C,31,0,5,2
Spo_0A,5856,D,30,0,5,2
Spo_0A,5904,A,262,0,4,2
Spo_0A,5904,B,230,0,4,2
Spo_0A,5904,C,252,0,4,2
Spo_0A,5904,D,264,0,4,2
Spo_0A,5952,A,484,0,4,2
Spo_0A,5952,B,420,0,4,2
Spo_0A,5952,C,440,0,4,2
Spo_0A,5952,D,508,0,4,2
Spo_0A,6000,A,94,0,5,2
Spo_0A,6000,B,108,0,5,2
Spo_0A,6000,C,93,0,5,2
Spo_0A,6000,D,97,0,5,2
Spo_0A,6048,A,147,0,5,2
Spo_0A,6048,B,175,0,5,2
Spo_0A,6048,C,171,0,5,2
Spo_0A,6048,D,140,0,5,2
Spo_0A,6096,A,92,0,5,2
Spo_0A,6096,B,88,0,5,2
Spo_0A,6096,C,93,0,5,2
Spo_0A,6096,D,59,0,5,2
Spo_0A,6144,A,39,0,5,2
Spo_0A,6144,B,36,0,5,2
Spo_0A,6144,C,31,0,5,2
Spo_0A,6144,D,45,0,5,2
Spo_0A,6192,A,48,0,5,2
Spo_0A,6192,B,46,0,5,2
Spo_0A,6192,C,44,0,5,2
Spo_0A,6192,D,63,0,5,2
Spo_0A,6240,A,38,0,5,2
Spo_0A,6240,B,39,0,5,2
Spo_0A,6240,C,43,0,5,2
Spo_0A,6240,D,37,0,5,2
Spo_0A,6288,A,32,0,5,2
Spo_0A,6288,B,46,0,5,2
Spo_0A,6288,C,52,0,5,2
Spo_0A,6288,D,47,0,5,2
Spo_0A,6336,A,17,0,5,2
Spo_0A,6336,B,11,0,5,2
Spo_0A,6336,C,21,0,5,2
Spo_0A,6336,D,22,0,5,2
Spo_0A,6384,A,10,0,5,2
Spo_0A,6384,B,12,0,5,2
Spo_0A,6384,C,9,0,5,2
Spo_0A,6384,D,12,0,5,2
Spo_0A,6432,A,13,0,5,2
Spo_0A,6432,B,11,0,5,2
Spo_0A,6432,C,14,0,5,2
Spo_0A,6432,D,9,0,5,2
Spo_0A,6480,A,9,0,5,2
Spo_0A,6480,B,6,0,5,2
Spo_0A,6480,C,6,0,5,2
Spo_0A,6480,D,13,0,5,2
Spo_0A,6528,A,9,0,5,2
Spo_0A,6528,B,7,0,5,2
Spo_0A,6528,C,10,0,5,2
Spo_0A,6528,D,8,0,5,2
Spo_0A,6576,A,92,0,4,2
Spo_0A,6576,B,115,0,4,2
Spo_0A,6576,C,96,0,4,2
Spo_0A,6576,D,95,0,4,2
Spo_0A,6624,A,36,0,4,2
Spo_0A,6624,B,43,0,4,2
Spo_0A,6624,C,42,0,4,2
Spo_0A,6624,D,20,0,4,2
Spo_0A,6672,A,40,0,4,2
Spo_0A,6672,B,50,0,4,2
Spo_0A,6672,C,42,0,4,2
Spo_0A,6672,D,44,0,4,2
Spo_0A,6720,A,59,0,4,2
Spo_0A,6720,B,61,0,4,2
Spo_0A,6720,C,57,0,4,2
Spo_0A,6720,D,69,0,4,2
Spo_0A,6768,A,62,0,4,2
Spo_0A,6768,B,61,0,4,2
Spo_0A,6768,C,64,0,4,2
Spo_0A,6768,D,48,0,4,2
Spo_0A,6816,A,62,0,4,2
Spo_0A,6816,B,56,0,4,2
Spo_0A,6816,C,63,0,4,2
Spo_0A,6816,D,45,0,4,2
Spo_0A,6864,A,59,0,4,2
Spo_0A,6864,B,51,0,4,2
Spo_0A,6864,C,61,0,4,2
Spo_0A,6864,D,48,0,4,2
Spo_0A,6912,A,245,0,4,2
Spo_0A,6912,B,211,0,4,2
Spo_0A,6912,C,172,0,4,2
Spo_0A,6912,D,219,0,4,2
Spo_0A,6960,A,262,0,4,2
Spo_0A,6960,B,267,0,4,2
Spo_0A,6960,C,229,0,4,2
Spo_0A,6960,D,184,0,4,2
Spo_0A,7008,A,26,0,5,2
Spo_0A,7008,B,21,0,5,2
Spo_0A,7008,C,27,0,5,2
Spo_0A,7008,D,19,0,5,2
Spo_0A,7056,A,38,0,5,2
Spo_0A,7056,B,41,0,5,2
Spo_0A,7056,C,42,0,5,2
Spo_0A,7056,D,48,0,5,2
Spo_0A,7104,A,42,0,5,2
Spo_0A,7104,B,56,0,5,2
Spo_0A,7104,C,57,0,5,2
Spo_0A,7104,D,60,0,5,2
Spo_0A,7152,A,46,0,5,2
Spo_0A,7152,B,62,0,5,2
Spo_0A,7152,C,48,0,5,2
Spo_0A,7152,D,73,0,5,2
Spo_0A,7200,A,98,0,5,2
Spo_0A,7200,B,75,0,5,2
Spo_0A,7200,C,50,0,5,2
Spo_0A,7200,D,76,0,5,2
Spo_0A,7248,A,50,0,5,2
Spo_0A,7248,B,56,0,5,2
Spo_0A,7248,C,56,0,5,2
Spo_0A,7248,D,64,0,5,2
Spo_0A,7296,A,61,0,5,2
Spo_0A,7296,B,73,0,5,2
Spo_0A,7296,C,80,0,5,2
Spo_0A,7296,D,68,0,5,2
Spo_0A,7344,A,38,0,5,2
Spo_0A,7344,B,46,0,5,2
Spo_0A,7344,C,41,0,5,2
Spo_0A,7344,D,45,0,5,2
Spo_0A,7392,A,26,0,5,2
Spo_0A,7392,B,31,0,5,2
Spo_0A,7392,C,36,0,5,2
Spo_0A,7392,D,19,0,5,2
Spo_0A,7440,A,24,0,5,2
Spo_0A,7440,B,16,0,5,2
Spo_0A,7440,C,27,0,5,2
Spo_0A,7440,D,45,0,5,2
Spo_0A,7488,A,40,0,5,2
Spo_0A,7488,B,28,0,5,2
Spo_0A,7488,C,26,0,5,2
Spo_0A,7488,D,36,0,5,2
Spo_0A,7536,A,30,0,5,2
Spo_0A,7536,B,28,0,5,2
Spo_0A,7536,C,27,0,5,2
Spo_0A,7536,D,29,0,5,2
Spo_0A,7584,A,17,0,5,2
Spo_0A,7584,B,21,0,5,2
Spo_0A,7584,C,20,0,5,2
Spo_0A,7584,D,27,0,5,2
Spo_0A,7632,A,27,0,5,2
Spo_0A,7632,B,15,0,5,2
Spo_0A,7632,C,24,0,5,2
Spo_0A,7632,D,21,0,5,2
Spo_0A,7680,A,18,0,5,2
Spo_0A,7680,B,24,0,5,2
Spo_0A,7680,C,16,0,5,2
Spo_0A,7680,D,18,0,5,2
Spo_0A,7728,A,23,0,5,2
Spo_0A,7728,B,15,0,5,2
Spo_0A,7728,C,26,0,5,2
Spo_0A,7728,D,19,0,5,2
Spo_0A,7776,A,20,0,5,2
Spo_0A,7776,B,17,0,5,2
Spo_0A,7776,C,16,0,5,2
Spo_0A,7776,D,18,0,5,2
Spo_0A,7824,A,13,0,5,2
Spo_0A,7824,B,13,0,5,2
Spo_0A,7824,C,14,0,5,2
Spo_0A,7824,D,18,0,5,2
Spo_0A,7872,A,13,0,5,2
Spo_0A,7872,B,10,0,5,2
Spo_0A,7872,C,18,0,5,2
Spo_0A,7872,D,12,0,5,2
Spo_0A,7920,A,10,0,5,2
Spo_0A,7920,B,11,0,5,2
Spo_0A,7920,C,12,0,5,2
Spo_0A,7920,D,6,0,5,2
Spo_0A,7968,A,8,0,5,2
Spo_0A,7968,B,19,0,5,2
Spo_0A,7968,C,6,0,5,2
Spo_0A,7968,D,5,0,5,2
Spo_0A,8016,A,6,0,5,2
Spo_0A,8016,B,6,0,5,2
Spo_0A,8016,C,6,0,5,2
Spo_0A,8016,D,11,0,5,2
Spo_0A,8064,A,105,0,4,2
Spo_0A,8064,B,79,0,4,2
Spo_0A,8064,C,61,0,4,2
Spo_0A,8064,D,89,0,4,2
Spo_0A,8112,A,85,0,4,2
Spo_0A,8112,B,145,0,4,2
Spo_0A,8112,C,109,0,4,2
Spo_0A,8112,D,106,0,4,2
Spo_0A,8160,A,127,0,4,2
Spo_0A,8160,B,72,0,4,2
Spo_0A,8160,C,71,0,4,2
Spo_0A,8160,D,87,0,4,2
Spo_0A,8208,A,166,0,4,2
Spo_0A,8208,B,142,0,4,2
Spo_0A,8208,C,158,0,4,2
Spo_0A,8208,D,165,0,4,2
Spo_0A,8256,A,27,0,5,2
Spo_0A,8256,B,24,0,5,2
Spo_0A,8256,C,22,0,5,2
Spo_0A,8256,D,20,0,5,2
Spo_0A,8304,A,219,0,4,2
Spo_0A,8304,B,223,0,4,2
Spo_0A,8304,C,195,0,4,2
Spo_0A,8304,D,161,0,4,2
Spo_0A,8352,A,98,0,4,2
Spo_0A,8352,B,125,0,4,2
Spo_0A,8352,C,88,0,4,2
Spo_0A,8352,D,120,0,4,2
Spo_0A,8400,A,72,0,4,2
Spo_0A,8400,B,90,0,4,2
Spo_0A,8400,C,78,0,4,2
Spo_0A,8400,D,97,0,4,2
Spo_0A,8448,A,60,0,4,2
Spo_0A,8448,B,101,0,4,2
Spo_0A,8448,C,83,0,4,2
Spo_0A,8448,D,95,0,4,2
Spo_0A,8496,A,71,0,4,2
Spo_0A,8496,B,96,0,4,2
Spo_0A,8496,C,105,0,4,2
Spo_0A,8496,D,71,0,4,2
Spo_0A,8544,A,54,0,4,2
Spo_0A,8544,B,51,0,4,2
Spo_0A,8544,C,57,0,4,2
Spo_0A,8544,D,47,0,4,2
Spo_0A,8592,A,58,0,4,2
Spo_0A,8592,B,65,0,4,2
Spo_0A,8592,C,89,0,4,2
Spo_0A,8592,D,55,0,4,2
Spo_0A,8640,A,69,0,4,2
Spo_0A,8640,B,71,0,4,2
Spo_0A,8640,C,70,0,4,2
Spo_0A,8640,D,82,0,4,2
Spo_0A,8688,A,32,0,4,2
Spo_0A,8688,B,39,0,4,2
Spo_0A,8688,C,22,0,4,2
Spo_0A,8688,D,38,0,4,2
Spo_0A,8736,A,42,0,4,2
Spo_0A,8736,B,61,0,4,2
Spo_0A,8736,C,50,0,4,2
Spo_0A,8736,D,63,0,4,2
Spo_0A,8784,A,65,0,4,2
Spo_0A,8784,B,68,0,4,2
Spo_0A,8784,C,55,0,4,2
Spo_0A,8784,D,66,0,4,2
Spo_0A,8832,A,34,0,4,2
Spo_0A,8832,B,41,0,4,2
Spo_0A,8832,C,35,0,4,2
Spo_0A,8832,D,36,0,4,2
Spo_0A,8880,A,51,0,4,2
Spo_0A,8880,B,36,0,4,2
Spo_0A,8880,C,33,0,4,2
Spo_0A,8880,D,38,0,4,2
Spo_0A,8928,A,52,0,4,2
Spo_0A,8928,B,67,0,4,2
Spo_0A,8928,C,51,0,4,2
Spo_0A,8928,D,66,0,4,2
Spo_0A,8976,A,101,0,4,2
Spo_0A,8976,B,97,0,4,2
Spo_0A,8976,C,95,0,4,2
Spo_0A,8976,D,101,0,4,2
Spo_0A,9024,A,142,0,4,2
Spo_0A,9024,B,131,0,4,2
Spo_0A,9024,C,143,0,4,2
Spo_0A,9024,D,141,0,4,2
Spo_0A,9072,A,172,0,4,2
Spo_0A,9072,B,163,0,4,2
Spo_0A,9072,C,157,0,4,2
Spo_0A,9072,D,167,0,4,2
Spo_0A,9120,A,75,0,5,2
Spo_0A,9120,B,73,0,5,2
Spo_0A,9120,C,71,0,5,2
Spo_0A,9120,D,98,0,5,2
Spo_0A,9168,A,78,0,5,2
Spo_0A,9168,B,86,0,5,2
Spo_0A,9168,C,62,0,5,2
Spo_0A,9168,D,62,0,5,2
Spo_0A,9216,A,82,0,5,2
Spo_0A,9216,B,85,0,5,2
Spo_0A,9216,C,86,0,5,2
Spo_0A,9216,D,98,0,5,2
Spo_0A,9264,A,55,0,5,2
Spo_0A,9264,B,95,0,5,2
Spo_0A,9264,C,59,0,5,2
Spo_0A,9264,D,85,0,5,2
Spo_0A,9312,A,50,0,5,2
Spo_0A,9312,B,45,0,5,2
Spo_0A,9312,C,46,0,5,2
Spo_0A,9312,D,56,0,5,2
Spo_0A,9360,A,28,0,5,2
Spo_0A,9360,B,26,0,5,2
Spo_0A,9360,C,31,0,5,2
Spo_0A,9360,D,29,0,5,2
Spo_0A,9408,A,88,0,5,2
Spo_0A,9408,B,105,0,5,2
Spo_0A,9408,C,138,0,5,2
Spo_0A,9408,D,106,0,5,2
Spo_0A,9456,A,98,0,5,2
Spo_0A,9456,B,93,0,5,2
Spo_0A,9456,C,110,0,5,2
Spo_0A,9456,D,115,0,5,2
Spo_0A,9504,A,82,0,5,2
Spo_0A,9504,B,50,0,5,2
Spo_0A,9504,C,59,0,5,2
Spo_0A,9504,D,72,0,5,2
Spo_0A,9552,A,71,0,5,2
Spo_0A,9552,B,74,0,5,2
Spo_0A,9552,C,59,0,5,2
Spo_0A,9552,D,57,0,5,2
Spo_0A,9600,A,69,0,5,2
Spo_0A,9600,B,94,0,5,2
Spo_0A,9600,C,73,0,5,2
Spo_0A,9600,D,99,0,5,2
Spo_0A,9648,A,106,0,5,2
Spo_0A,9648,B,69,0,5,2
Spo_0A,9648,C,93,0,5,2
Spo_0A,9648,D,116,0,5,2
Spo_0A,9696,A,93,0,5,2
Spo_0A,9696,B,94,0,5,2
Spo_0A,9696,C,93,0,5,2
Spo_0A,9696,D,84,0,5,2
Spo_0A,9744,A,136,0,5,2
Spo_0A,9744,B,152,0,5,2
Spo_0A,9744,C,118,0,5,2
Spo_0A,9744,D,129,0,5,2
Spo_0A,9792,A,128,0,5,2
Spo_0A,9792,B,137,0,5,2
Spo_0A,9792,C,119,0,5,2
Spo_0A,9792,D,123,0,5,2
Spo_0A,9840,A,137,0,5,2
Spo_0A,9840,B,113,0,5,2
Spo_0A,9840,C,94,0,5,2
Spo_0A,9840,D,96,0,5,2
Spo_0A,9888,A,123,0,5,2
Spo_0A,9888,B,108,0,5,2
Spo_0A,9888,C,94,0,5,2
Spo_0A,9888,D,126,0,5,2
Spo_0A,9936,A,96,0,5,2
Spo_0A,9936,B,125,0,5,2
Spo_0A,9936,C,122,0,5,2
Spo_0A,9936,D,167,0,5,2
Spo_0A,9984,A,131,0,5,2
Spo_0A,9984,B,125,0,5,2
Spo_0A,9984,C,140,0,5,2
Spo_0A,9984,D,104,0,5,2
Spo_0A,10032,A,30,0,5,2
Spo_0A,10032,B,41,0,5,2
Spo_0A,10032,C,33,0,5,2
Spo_0A,10032,D,50,0,5,2
Spo_0A,10080,A,20,0,5,2
Spo_0A,10080,B,35,0,5,2
Spo_0A,10080,C,33,0,5,2
Spo_0A,10080,D,39,0,5,2
Spo_0A,10128,A,234,0,4,2
Spo_0A,10128,B,240,0,4,2
Spo_0A,10128,C,223,0,4,2
Spo_0A,10128,D,198,0,4,2
Spo_0A,10176,A,6,0,5,2
Spo_0A,10176,B,15,0,5,2
Spo_0A,10176,C,28,0,5,2
Spo_0A,10176,D,14,0,5,2
Spo_0A,10224,A,11,0,5,2
Spo_0A,10224,B,17,0,5,2
Spo_0A,10224,C,11,0,5,2
Spo_0A,10224,D,12,0,5,2
Spo_0A,10272,A,8,0,5,2
Spo_0A,10272,B,15,0,5,2
Spo_0A,10272,C,18,0,5,2
Spo_0A,10272,D,13,0,5,2
Spo_0A,10320,A,18,0,5,2
Spo_0A,10320,B,13,0,5,2
Spo_0A,10320,C,15,0,5,2
Spo_0A,10320,D,12,0,5,2
Spo_0A,10368,A,7,0,5,2
Spo_0A,10368,B,3,0,5,2
Spo_0A,10368,C,4,0,5,2
Spo_0A,10368,D,3,0,5,2
Spo_0A,10416,A,159,0,4,2
Spo_0A,10416,B,139,0,4,2
Spo_0A,10416,C,157,0,4,2
Spo_0A,10416,D,167,0,4,2
Spo_0A,10464,A,237,0,4,2
Spo_0A,10464,B,269,0,4,2
Spo_0A,10464,C,224,0,4,2
Spo_0A,10464,D,218,0,4,2
Spo_0A,10512,A,195,0,4,2
Spo_0A,10512,B,217,0,4,2
Spo_0A,10512,C,251,0,4,2
Spo_0A,10512,D,294,0,4,2
Spo_0A,10560,A,175,0,4,2
Spo_0A,10560,B,141,0,4,2
Spo_0A,10560,C,176,0,4,2
Spo_0A,10560,D,158,0,4,2
Spo_0A,10608,A,125,0,4,2
Spo_0A,10608,B,155,0,4,2
Spo_0A,10608,C,161,0,4,2
Spo_0A,10608,D,194,0,4,2
Spo_0A,10656,A,129,0,4,2
Spo_0A,10656,B,95,0,4,2
Spo_0A,10656,C,108,0,4,2
Spo_0A,10656,D,105,0,4,2
Spo_0A,10704,A,49,0,4,2
Spo_0A,10704,B,76,0,4,2
Spo_0A,10704,C,69,0,4,2
Spo_0A,10704,D,77,0,4,2
Spo_0A,10752,A,97,0,4,2
Spo_0A,10752,B,92,0,4,2
Spo_0A,10752,C,75,0,4,2
Spo_0A,10752,D,75,0,4,2
Spo_0A,10800,A,88,0,4,2
Spo_0A,10800,B,94,0,4,2
Spo_0A,10800,C,58,0,4,2
Spo_0A,10800,D,74,0,4,2
Spo_0A,10848,A,80,0,4,2
Spo_0A,10848,B,67,0,4,2
Spo_0A,10848,C,82,0,4,2
Spo_0A,10848,D,94,0,4,2
Spo_0A,10896,A,95,0,4,2
Spo_0A,10896,B,132,0,4,2
Spo_0A,10896,C,114,0,4,2
Spo_0A,10896,D,166,0,4,2
Spo_0A,10944,A,37,0,4,2
Spo_0A,10944,B,48,0,4,2
Spo_0A,10944,C,58,0,4,2
Spo_0A,10944,D,62,0,4,2
Spo_0A,10992,A,47,0,4,2
Spo_0A,10992,B,51,0,4,2
Spo_0A,10992,C,31,0,4,2
Spo_0A,10992,D,57,0,4,2
Spo_0A,11040,A,20,0,4,2
Spo_0A,11040,B,25,0,4,2
Spo_0A,11040,C,46,0,4,2
Spo_0A,11040,D,49,0,4,2
Spo_0A,11088,A,47,0,4,2
Spo_0A,11088,B,44,0,4,2
Spo_0A,11088,C,32,0,4,2
Spo_0A,11088,D,38,0,4,2
Spo_0A,11136,A,47,0,4,2
Spo_0A,11136,B,58,0,4,2
Spo_0A,11136,C,39,0,4,2
Spo_0A,11136,D,30,0,4,2
Spo_0A,11184,A,20,0,4,2
Spo_0A,11184,B,30,0,4,2
Spo_0A,11184,C,23,0,4,2
Spo_0A,11184,D,21,0,4,2
Spo_0A,11232,A,18,0,4,2
Spo_0A,11232,B,28,0,4,2
Spo_0A,11232,C,21,0,4,2
Spo_0A,11232,D,23,0,4,2
Spo_0A,11280,A,21,0,4,2
Spo_0A,11280,B,18,0,4,2
Spo_0A,11280,C,12,0,4,2
Spo_0A,11280,D,11,0,4,2
Spo_0A,11328,A,35,0,4,2
Spo_0A,11328,B,37,0,4,2
Spo_0A,11328,C,32,0,4,2
Spo_0A,11328,D,50,0,4,2
Spo_0A,11376,A,24,0,4,2
Spo_0A,11376,B,40,0,4,2
Spo_0A,11376,C,19,0,4,2
Spo_0A,11376,D,26,0,4,2
Spo_0A,11424,A,37,0,4,2
Spo_0A,11424,B,24,0,4,2
Spo_0A,11424,C,45,0,4,2
Spo_0A,11424,D,49,0,4,2
Spo_0A,11472,A,22,0,4,2
Spo_0A,11472,B,14,0,4,2
Spo_0A,11472,C,13,0,4,2
Spo_0A,11472,D,17,0,4,2
Spo_0A,11520,A,25,0,4,2
Spo_0A,11520,B,11,0,4,2
Spo_0A,11520,C,17,0,4,2
Spo_0A,11520,D,18,0,4,2
Spo_0A,11568,A,9,0,4,2
Spo_0A,11568,B,13,0,4,2
Spo_0A,11568,C,12,0,4,2
Spo_0A,11568,D,9,0,4,2
Spo_0A,11616,A,11,0,5,2
Spo_0A,11616,B,4,0,5,2
Spo_0A,11616,C,3,0,5,2
Spo_0A,11616,D,3,0,5,2
Spo_0A,11664,A,103,0,4,2
Spo_0A,11664,B,91,0,4,2
Spo_0A,11664,C,91,0,4,2
Spo_0A,11664,D,97,0,4,2
Spo_0A,11712,A,123,0,4,2
Spo_0A,11712,B,156,0,4,2
Spo_0A,11712,C,153,0,4,2
Spo_0A,11712,D,145,0,4,2
Spo_0A,11760,A,190,0,4,2
Spo_0A,11760,B,159,0,4,2
Spo_0A,11760,C,136,0,4,2
Spo_0A,11760,D,154,0,4,2
Spo_0A,11808,A,183,0,4,2
Spo_0A,11808,B,183,0,4,2
Spo_0A,11808,C,158,0,4,2
Spo_0A,11808,D,148,0,4,2
Spo_0A,11856,A,100,0,4,2
Spo_0A,11856,B,113,0,4,2
Spo_0A,11856,C,96,0,4,2
Spo_0A,11856,D,94,0,4,2
Spo_0A,11904,A,96,0,4,2
Spo_0A,11904,B,126,0,4,2
Spo_0A,11904,C,117,0,4,2
Spo_0A,11904,D,130,0,4,2
Spo_0A,11952,A,125,0,4,2
Spo_0A,11952,B,111,0,4,2
Spo_0A,11952,C,128,0,4,2
Spo_0A,11952,D,124,0,4,2
Spo_0A,12000,A,122,0,4,2
Spo_0A,12000,B,162,0,4,2
Spo_0A,12000,C,127,0,4,2
Spo_0A,12000,D,120,0,4,2
Spo_0A,12048,A,119,0,4,2
Spo_0A,12048,B,173,0,4,2
Spo_0A,12048,C,139,0,4,2
Spo_0A,12048,D,127,0,4,2
Spo_0A,12096,A,120,0,4,2
Spo_0A,12096,B,115,0,4,2
Spo_0A,12096,C,145,0,4,2
Spo_0A,12096,D,132,0,4,2
Spo_0A,12144,A,80,0,4,2
Spo_0A,12144,B,99,0,4,2
Spo_0A,12144,C,86,0,4,2
Spo_0A,12144,D,77,0,4,2
Spo_0A,12192,A,91,0,4,2
Spo_0A,12192,B,86,0,4,2
Spo_0A,12192,C,70,0,4,2
Spo_0A,12192,D,73,0,4,2
Spo_0A,12240,A,85,0,4,2
Spo_0A,12240,B,118,0,4,2
Spo_0A,12240,C,75,0,4,2
Spo_0A,12240,D,74,0,4,2
Spo_0A,12288,A,101,0,4,2
Spo_0A,12288,B,140,0,4,2
Spo_0A,12288,C,136,0,4,2
Spo_0A,12288,D,113,0,4,2
Spo_0A,12336,A,122,0,4,2
Spo_0A,12336,B,138,0,4,2
Spo_0A,12336,C,134,0,4,2
Spo_0A,12336,D,126,0,4,2
Spo_0A,12384,A,91,0,4,2
Spo_0A,12384,B,88,0,4,2
Spo_0A,12384,C,113,0,4,2
Spo_0A,12384,D,115,0,4,2
Spo_0A,12432,A,97,0,4,2
Spo_0A,12432,B,116,0,4,2
Spo_0A,12432,C,113,0,4,2
Spo_0A,12432,D,95,0,4,2
Spo_0A,12480,A,121,0,4,2
Spo_0A,12480,B,137,0,4,2
Spo_0A,12480,C,115,0,4,2
Spo_0A,12480,D,102,0,4,2
Spo_0A,12528,A,66,0,4,2
Spo_0A,12528,B,69,0,4,2
Spo_0A,12528,C,48,0,4,2
Spo_0A,12528,D,43,0,4,2
Spo_0A,12576,A,88,0,4,2
Spo_0A,12576,B,96,0,4,2
Spo_0A,12576,C,81,0,4,2
Spo_0A,12576,D,80,0,4,2
Spo_0A,12624,A,89,0,4,2
Spo_0A,12624,B,81,0,4,2
Spo_0A,12624,C,95,0,4,2
Spo_0A,12624,D,93,0,4,2
Spo_0A,12672,A,62,0,4,2
Spo_0A,12672,B,38,0,4,2
Spo_0A,12672,C,89,0,4,2
Spo_0A,12672,D,59,0,4,2
Spo_0A,12720,A,94,0,4,2
Spo_0A,12720,B,94,0,4,2
Spo_0A,12720,C,84,0,4,2
Spo_0A,12720,D,68,0,4,2
Spo_0A,12768,A,109,0,4,2
Spo_0A,12768,B,98,0,4,2
Spo_0A,12768,C,97,0,4,2
Spo_0A,12768,D,92,0,4,2
Spo_0A,12816,A,89,0,4,2
Spo_0A,12816,B,90,0,4,2
Spo_0A,12816,C,86,0,4,2
Spo_0A,12816,D,111,0,4,2
Spo_0A,12864,A,18,0,4,2
Spo_0A,12864,B,7,0,4,2
Spo_0A,12864,C,13,0,4,2
Spo_0A,12864,D,9,0,4,2
Spo_0A,12912,A,8,0,4,2
Spo_0A,12912,B,8,0,4,2
Spo_0A,12912,C,14,0,4,2
Spo_0A,12912,D,11,0,4,2
Spo_0A,12960,A,61,0,4,2
Spo_0A,12960,B,72,0,4,2
Spo_0A,12960,C,73,0,4,2
Spo_0A,12960,D,69,0,4,2
Spo_0A,13008,A,78,0,4,2
Spo_0A,13008,B,64,0,4,2
Spo_0A,13008,C,52,0,4,2
Spo_0A,13008,D,64,0,4,2
Spo_0A,13056,A,55,0,4,2
Spo_0A,13056,B,62,0,4,2
Spo_0A,13056,C,50,0,4,2
Spo_0A,13056,D,50,0,4,2
Spo_0A,13104,A,15,0,4,2
Spo_0A,13104,B,21,0,4,2
Spo_0A,13104,C,13,0,4,2
Spo_0A,13104,D,17,0,4,2
Spo_0A,13152,A,16,0,4,2
Spo_0A,13152,B,10,0,4,2
Spo_0A,13152,C,13,0,4,2
Spo_0A,13152,D,16,0,4,2
Spo_0A,13200,A,35,0,4,2
Spo_0A,13200,B,29,0,4,2
Spo_0A,13200,C,35,0,4,2
Spo_0A,13200,D,21,0,4,2
Spo_0A,13248,A,12,0,4,2
Spo_0A,13248,B,18,0,4,2
Spo_0A,13248,C,15,0,4,2
Spo_0A,13248,D,18,0,4,2
Spo_0A,13296,A,7,0,4,2
Spo_0A,13296,B,5,0,4,2
Spo_0A,13296,C,7,0,4,2
Spo_0A,13296,D,4,0,4,2
Spo_0A,13344,A,1,0,4,2
Spo_0A,13344,B,3,0,4,2
Spo_0A,13344,C,1,0,4,2
Spo_0A,13344,D,1,0,4,2
Spo_0A,13392,A,3,0,3,2
Spo_0A,13392,B,0,0,3,2
Spo_0A,13392,C,1,0,3,2
Spo_0A,13392,D,3,0,3,2
Spo_0A,13440,A,35,0,2,2
Spo_0A,13440,B,35,0,2,2
Spo_0A,13440,C,29,0,2,2
Spo_0A,13440,D,28,0,2,2
Spo_0A,13488,A,26,0,2,2
Spo_0A,13488,B,40,0,2,2
Spo_0A,13488,C,24,0,2,2
Spo_0A,13488,D,50,0,2,2
Spo_0A,13536,A,46,0,2,2
Spo_0A,13536,B,51,0,2,2
Spo_0A,13536,C,44,0,2,2
Spo_0A,13536,D,56,0,2,2
Spo_0A,13584,A,52,0,2,2
Spo_0A,13584,B,63,0,2,2
Spo_0A,13584,C,54,0,2,2
Spo_0A,13584,D,30,0,2,2
Spo_0A,13632,A,100,0,2,2
Spo_0A,13632,B,111,0,2,2
Spo_0A,13632,C,102,0,2,2
Spo_0A,13632,D,117,0,2,2
Spo_0A,13680,A,145,0,2,2
Spo_0A,13680,B,146,0,2,2
Spo_0A,13680,C,168,0,2,2
Spo_0A,13680,D,144,0,2,2
Spo_0A,13728,A,191,0,2,2
Spo_0A,13728,B,188,0,2,2
Spo_0A,13728,C,180,0,2,2
Spo_0A,13728,D,186,0,2,2
Spo_0A,13776,A,191,0,2,2
Spo_0A,13776,B,188,0,2,2
Spo_0A,13776,C,186,0,2,2
Spo_0A,13776,D,193,0,2,2
Spo_0A,13824,A,201,0,2,2
Spo_0A,13824,B,192,0,2,2
Spo_0A,13824,C,185,0,2,2
Spo_0A,13824,D,216,0,2,2
Spo_0A,13872,A,1,0,2,2
Spo_0A,13872,B,1,0,2,2
Spo_0A,13872,C,0,0,2,2
Spo_0A,13872,D,0,0,2,2
Spo_0A,13920,A,0,0,2,2
Spo_0A,13920,B,0,0,2,2
Spo_0A,13920,C,0,0,2,2
Spo_0A,13920,D,0,0,2,2
Spo_0A,13968,A,223,0,3,2
Spo_0A,13968,B,219,0,3,2
Spo_0A,13968,C,231,0,3,2
Spo_0A,13968,D,237,0,3,2
Spo_0A,14016,A,267,0,3,2
Spo_0A,14016,B,265,0,3,2
Spo_0A,14016,C,256,0,3,2
Spo_0A,14016,D,267,0,3,2
KBS0812,0,A,38,152,7,3
KBS0812,0,B,44,198,7,3
KBS0812,0,C,37,134,7,3
KBS0812,0,D,37,139,7,3
KBS0812,24,A,56,29,6,4
KBS0812,24,B,49,30,6,4
KBS0812,24,C,99,28,6,4
KBS0812,24,D,68,19,6,4
KBS0812,48,A,46,15,6,4
KBS0812,48,B,44,18,6,4
KBS0812,48,C,33,15,6,4
KBS0812,48,D,36,19,6,4
KBS0812,72,A,24,15,6,4
KBS0812,72,B,27,12,6,4
KBS0812,72,C,26,19,6,4
KBS0812,72,D,25,17,6,4
KBS0812,96,A,228,67,5,4
KBS0812,96,B,173,16,5,4
KBS0812,96,C,212,13,5,4
KBS0812,96,D,247,15,5,4
KBS0812,120,A,17,22,6,4
KBS0812,120,B,38,20,6,4
KBS0812,120,C,27,25,6,4
KBS0812,120,D,30,23,6,4
KBS0812,144,A,203,16,5,4
KBS0812,144,B,141,18,5,4
KBS0812,144,C,217,13,5,4
KBS0812,144,D,164,24,5,4
KBS0812,168,A,140,15,5,4
KBS0812,168,B,113,24,5,4
KBS0812,168,C,145,23,5,4
KBS0812,168,D,192,14,5,4
KBS0812,192,A,148,17,5,4
KBS0812,192,B,176,18,5,4
KBS0812,192,C,137,16,5,4
KBS0812,192,D,123,14,5,4
KBS0812,216,A,131,18,5,4
KBS0812,216,B,117,16,5,4
KBS0812,216,C,187,15,5,4
KBS0812,216,D,204,14,5,4
KBS0812,264,A,148,17,5,4
KBS0812,264,B,137,25,5,4
KBS0812,264,C,164,25,5,4
KBS0812,264,D,190,13,5,4
KBS0812,312,A,162,23,5,4
KBS0812,312,B,192,20,5,4
KBS0812,312,C,130,14,5,4
KBS0812,312,D,117,16,5,4
KBS0812,360,A,204,19,5,4
KBS0812,360,B,138,21,5,4
KBS0812,360,C,167,14,5,4
KBS0812,360,D,162,24,5,4
KBS0812,408,A,172,19,5,4
KBS0812,408,B,222,22,5,4
KBS0812,408,C,161,33,5,4
KBS0812,408,D,135,17,5,4
KBS0812,456,A,185,26,5,4
KBS0812,456,B,255,34,5,4
KBS0812,456,C,211,22,5,4
KBS0812,456,D,153,26,5,4
KBS0812,504,A,148,34,5,4
KBS0812,504,B,187,31,5,4
KBS0812,504,C,171,45,5,4
KBS0812,504,D,172,28,5,4
KBS0812,552,A,147,58,5,4
KBS0812,552,B,153,39,5,4
KBS0812,552,C,158,28,5,4
KBS0812,552,D,157,47,5,4
KBS0812,600,A,124,55,5,4
KBS0812,600,B,132,27,5,4
KBS0812,600,C,139,43,5,4
KBS0812,600,D,160,33,5,4
KBS0812,648,A,83,49,5,4
KBS0812,648,B,69,56,5,4
KBS0812,648,C,104,61,5,4
KBS0812,648,D,127,48,5,4
KBS0812,696,A,90,47,5,4
KBS0812,696,B,151,63,5,4
KBS0812,696,C,136,55,5,4
KBS0812,696,D,138,53,5,4
KBS0812,744,A,172,48,5,4
KBS0812,744,B,163,57,5,4
KBS0812,744,C,153,73,5,4
KBS0812,744,D,140,60,5,4
KBS0812,792,A,130,84,5,4
KBS0812,792,B,135,82,5,4
KBS0812,792,C,101,102,5,4
KBS0812,792,D,122,82,5,4
KBS0812,840,A,99,76,5,4
KBS0812,840,B,127,86,5,4
KBS0812,840,C,143,119,5,4
KBS0812,840,D,141,125,5,4
KBS0812,888,A,114,105,5,4
KBS0812,888,B,87,121,5,4
KBS0812,888,C,84,153,5,4
KBS0812,888,D,140,154,5,4
KBS0812,936,A,99,151,5,4
KBS0812,936,B,101,145,5,4
KBS0812,936,C,109,170,5,4
KBS0812,936,D,110,143,5,4
KBS0812,984,A,131,132,5,4
KBS0812,984,B,121,171,5,4
KBS0812,984,C,180,136,5,4
KBS0812,984,D,119,145,5,4
KBS0812,1032,A,186,131,5,4
KBS0812,1032,B,192,174,5,4
KBS0812,1032,C,161,185,5,4
KBS0812,1032,D,170,218,5,4
KBS0812,1080,A,122,108,5,4
KBS0812,1080,B,160,111,5,4
KBS0812,1080,C,115,124,5,4
KBS0812,1080,D,157,128,5,4
KBS0812,1128,A,145,128,5,4
KBS0812,1128,B,137,167,5,4
KBS0812,1128,C,82,154,5,4
KBS0812,1128,D,176,166,5,4
KBS0812,1176,A,126,124,5,4
KBS0812,1176,B,138,141,5,4
KBS0812,1176,C,164,172,5,4
KBS0812,1176,D,107,104,5,4
KBS0812,1224,A,79,82,5,4
KBS0812,1224,B,95,122,5,4
KBS0812,1224,C,121,124,5,4
KBS0812,1224,D,125,152,5,4
KBS0812,1272,A,89,102,5,4
KBS0812,1272,B,112,98,5,4
KBS0812,1272,C,115,130,5,4
KBS0812,1272,D,108,117,5,4
KBS0812,1320,A,114,119,5,4
KBS0812,1320,B,143,134,5,4
KBS0812,1320,C,114,159,5,4
KBS0812,1320,D,124,132,5,4
KBS0812,1368,A,137,147,5,4
KBS0812,1368,B,149,160,5,4
KBS0812,1368,C,144,165,5,4
KBS0812,1368,D,136,178,5,4
KBS0812,1416,A,141,127,5,4
KBS0812,1416,B,149,139,5,4
KBS0812,1416,C,171,163,5,4
KBS0812,1416,D,159,157,5,4
KBS0812,1464,A,118,152,5,4
KBS0812,1464,B,106,168,5,4
KBS0812,1464,C,98,123,5,4
KBS0812,1464,D,114,159,5,4
KBS0812,1512,A,84,117,5,4
KBS0812,1512,B,74,114,5,4
KBS0812,1512,C,72,124,5,4
KBS0812,1512,D,82,109,5,4
KBS0812,1560,A,72,133,5,4
KBS0812,1560,B,78,87,5,4
KBS0812,1560,C,80,103,5,4
KBS0812,1560,D,78,111,5,4
KBS0812,1608,A,118,225,5,4
KBS0812,1608,B,96,192,5,4
KBS0812,1608,C,143,240,5,4
KBS0812,1608,D,123,196,5,4
KBS0812,1656,A,79,126,5,4
KBS0812,1656,B,77,144,5,4
KBS0812,1656,C,71,161,5,4
KBS0812,1656,D,109,92,5,4
KBS0812,1704,A,46,139,5,4
KBS0812,1704,B,61,161,5,4
KBS0812,1704,C,64,158,5,4
KBS0812,1704,D,52,166,5,4
KBS0812,1752,A,115,111,5,4
KBS0812,1752,B,88,140,5,4
KBS0812,1752,C,93,131,5,4
KBS0812,1752,D,109,129,5,4
KBS0812,1800,A,72,126,5,4
KBS0812,1800,B,72,141,5,4
KBS0812,1800,C,93,135,5,4
KBS0812,1800,D,87,154,5,4
KBS0812,1848,A,51,221,5,4
KBS0812,1848,B,84,246,5,4
KBS0812,1848,C,63,291,5,4
KBS0812,1848,D,69,230,5,4
KBS0812,1896,A,38,222,5,4
KBS0812,1896,B,40,201,5,4
KBS0812,1896,C,39,297,5,4
KBS0812,1896,D,39,205,5,4
KBS0812,1944,A,30,158,5,4
KBS0812,1944,B,47,129,5,4
KBS0812,1944,C,49,135,5,4
KBS0812,1944,D,36,116,5,4
KBS0812,1992,A,32,204,5,4
KBS0812,1992,B,48,239,5,4
KBS0812,1992,C,41,255,5,4
KBS0812,1992,D,59,242,5,4
KBS0812,2040,A,39,241,5,4
KBS0812,2040,B,31,253,5,4
KBS0812,2040,C,52,247,5,4
KBS0812,2040,D,62,267,5,4
KBS0812,2088,A,51,179,5,4
KBS0812,2088,B,58,188,5,4
KBS0812,2088,C,38,248,5,4
KBS0812,2088,D,46,192,5,4
KBS0812,2136,A,302,161,5,5
KBS0812,2136,B,330,219,5,5
KBS0812,2136,C,309,224,5,5
KBS0812,2136,D,342,215,5,5
KBS0812,2184,A,329,233,5,5
KBS0812,2184,B,351,263,5,5
KBS0812,2184,C,345,259,5,5
KBS0812,2184,D,343,271,5,5
KBS0812,2232,A,413,204,5,5
KBS0812,2232,B,353,274,5,5
KBS0812,2232,C,408,310,5,5
KBS0812,2232,D,393,230,5,5
KBS0812,2280,A,363,249,5,5
KBS0812,2280,B,356,264,5,5
KBS0812,2280,C,372,276,5,5
KBS0812,2280,D,398,256,5,5
KBS0812,2328,A,322,263,5,5
KBS0812,2328,B,311,289,5,5
KBS0812,2328,C,361,273,5,5
KBS0812,2328,D,379,283,5,5
KBS0812,2376,A,326,257,5,5
KBS0812,2376,B,329,263,5,5
KBS0812,2376,C,361,262,5,5
KBS0812,2376,D,321,295,5,5
KBS0812,2424,A,329,274,5,5
KBS0812,2424,B,356,290,5,5
KBS0812,2424,C,361,312,5,5
KBS0812,2424,D,383,353,5,5
KBS0812,2472,A,387,291,5,5
KBS0812,2472,B,340,255,5,5
KBS0812,2472,C,473,371,5,5
KBS0812,2472,D,346,347,5,5
KBS0812,2520,A,57,32,6,6
KBS0812,2520,B,71,46,6,6
KBS0812,2520,C,73,39,6,6
KBS0812,2520,D,57,56,6,6
KBS0812,2568,A,61,41,6,6
KBS0812,2568,B,67,38,6,6
KBS0812,2568,C,46,39,6,6
KBS0812,2568,D,62,37,6,6
KBS0812,2616,A,35,33,6,6
KBS0812,2616,B,63,39,6,6
KBS0812,2616,C,53,44,6,6
KBS0812,2616,D,70,54,6,6
KBS0812,2664,A,27,43,6,6
KBS0812,2664,B,35,36,6,6
KBS0812,2664,C,32,25,6,6
KBS0812,2664,D,56,41,6,6
KBS0812,2712,A,64,55,6,6
KBS0812,2712,B,68,57,6,6
KBS0812,2712,C,54,51,6,6
KBS0812,2712,D,79,68,6,6
KBS0812,2760,A,46,37,6,6
KBS0812,2760,B,50,41,6,6
KBS0812,2760,C,69,54,6,6
KBS0812,2760,D,61,52,6,6
KBS0812,2808,A,37,72,6,6
KBS0812,2808,B,47,81,6,6
KBS0812,2808,C,77,39,6,6
KBS0812,2808,D,55,29,6,6
KBS0812,2856,A,36,60,6,6
KBS0812,2856,B,44,32,6,6
KBS0812,2856,C,32,43,6,6
KBS0812,2856,D,50,32,6,6
KBS0812,2904,A,40,29,6,6
KBS0812,2904,B,50,48,6,6
KBS0812,2904,C,42,51,6,6
KBS0812,2904,D,43,54,6,6
KBS0812,2952,A,39,34,6,6
KBS0812,2952,B,48,54,6,6
KBS0812,2952,C,38,47,6,6
KBS0812,2952,D,61,59,6,6
KBS0812,3000,A,44,35,6,6
KBS0812,3000,B,52,54,6,6
KBS0812,3000,C,55,62,6,6
KBS0812,3000,D,38,38,6,6
KBS0812,3048,A,31,37,6,6
KBS0812,3048,B,40,46,6,6
KBS0812,3048,C,48,32,6,6
KBS0812,3048,D,37,50,6,6
KBS0812,3096,A,44,22,6,6
KBS0812,3096,B,35,21,6,6
KBS0812,3096,C,51,29,6,6
KBS0812,3096,D,56,41,6,6
KBS0812,3144,A,30,22,6,6
KBS0812,3144,B,53,50,6,6
KBS0812,3144,C,33,40,6,6
KBS0812,3144,D,50,50,6,6
KBS0812,3192,A,39,32,6,6
KBS0812,3192,B,47,48,6,6
KBS0812,3192,C,54,39,6,6
KBS0812,3192,D,49,37,6,6
KBS0812,3240,A,41,38,6,6
KBS0812,3240,B,39,38,6,6
KBS0812,3240,C,59,41,6,6
KBS0812,3240,D,53,45,6,6
KBS0812,3288,A,74,51,6,6
KBS0812,3288,B,53,44,6,6
KBS0812,3288,C,57,30,6,6
KBS0812,3288,D,36,49,6,6
KBS0812,3336,A,59,33,6,6
KBS0812,3336,B,50,34,6,6
KBS0812,3336,C,59,43,6,6
KBS0812,3336,D,55,55,6,6
KBS0812,3384,A,52,47,6,6
KBS0812,3384,B,55,39,6,6
KBS0812,3384,C,47,41,6,6
KBS0812,3384,D,48,50,6,6
KBS0812,3432,A,60,34,6,6
KBS0812,3432,B,62,37,6,6
KBS0812,3432,C,45,36,6,6
KBS0812,3432,D,56,55,6,6
KBS0812,3480,A,39,40,6,6
KBS0812,3480,B,40,38,6,6
KBS0812,3480,C,44,39,6,6
KBS0812,3480,D,57,40,6,6
KBS0812,3528,A,34,32,6,6
KBS0812,3528,B,68,42,6,6
KBS0812,3528,C,61,41,6,6
KBS0812,3528,D,64,48,6,6
KBS0812,3576,A,57,44,6,6
KBS0812,3576,B,77,38,6,6
KBS0812,3576,C,66,47,6,6
KBS0812,3576,D,75,58,6,6
KBS0812,3624,A,36,50,6,6
KBS0812,3624,B,37,44,6,6
KBS0812,3624,C,53,40,6,6
KBS0812,3624,D,52,44,6,6
KBS0812,3672,A,54,39,6,6
KBS0812,3672,B,59,54,6,6
KBS0812,3672,C,48,37,6,6
KBS0812,3672,D,58,39,6,6
KBS0812,3720,A,56,52,6,6
KBS0812,3720,B,47,34,6,6
KBS0812,3720,C,43,43,6,6
KBS0812,3720,D,55,39,6,6
KBS0812,3768,A,35,47,6,6
KBS0812,3768,B,51,49,6,6
KBS0812,3768,C,46,36,6,6
KBS0812,3768,D,52,51,6,6
KBS0812,3816,A,41,49,6,6
KBS0812,3816,B,47,35,6,6
KBS0812,3816,C,48,56,6,6
KBS0812,3816,D,52,66,6,6
KBS0812,3864,A,38,49,6,6
KBS0812,3864,B,45,38,6,6
KBS0812,3864,C,49,51,6,6
KBS0812,3864,D,36,37,6,6
KBS0812,3912,A,44,44,6,6
KBS0812,3912,B,38,35,6,6
KBS0812,3912,C,48,50,6,6
KBS0812,3912,D,34,43,6,6
KBS0812,3960,A,41,37,6,6
KBS0812,3960,B,45,36,6,6
KBS0812,3960,C,53,59,6,6
KBS0812,3960,D,69,50,6,6
KBS0812,4008,A,45,45,6,6
KBS0812,4008,B,43,42,6,6
KBS0812,4008,C,45,51,6,6
KBS0812,4008,D,52,57,6,6
KBS0812,4056,A,42,45,6,6
KBS0812,4056,B,33,52,6,6
KBS0812,4056,C,52,40,6,6
KBS0812,4056,D,51,59,6,6
KBS0812,4104,A,40,40,6,6
KBS0812,4104,B,55,37,6,6
KBS0812,4104,C,43,31,6,6
KBS0812,4104,D,25,26,6,6
KBS0812,4152,A,40,23,6,6
KBS0812,4152,B,38,33,6,6
KBS0812,4152,C,56,34,6,6
KBS0812,4152,D,45,57,6,6
KBS0812,4200,A,47,43,6,6
KBS0812,4200,B,43,44,6,6
KBS0812,4200,C,34,50,6,6
KBS0812,4200,D,33,35,6,6
KBS0812,4248,A,38,41,6,6
KBS0812,4248,B,37,39,6,6
KBS0812,4248,C,36,38,6,6
KBS0812,4248,D,43,29,6,6
KBS0812,4296,A,41,39,6,6
KBS0812,4296,B,41,39,6,6
KBS0812,4296,C,39,43,6,6
KBS0812,4296,D,52,49,6,6
KBS0812,4344,A,30,22,6,6
KBS0812,4344,B,32,30,6,6
KBS0812,4344,C,28,37,6,6
KBS0812,4344,D,50,43,6,6
KBS0812,4392,A,30,36,6,6
KBS0812,4392,B,33,43,6,6
KBS0812,4392,C,33,46,6,6
KBS0812,4392,D,46,49,6,6
KBS0812,4440,A,31,24,6,6
KBS0812,4440,B,28,38,6,6
KBS0812,4440,C,26,37,6,6
KBS0812,4440,D,37,44,6,6
KBS0812,4488,A,23,51,6,6
KBS0812,4488,B,32,42,6,6
KBS0812,4488,C,37,51,6,6
KBS0812,4488,D,40,51,6,6
KBS0812,4536,A,38,34,6,6
KBS0812,4536,B,36,27,6,6
KBS0812,4536,C,32,39,6,6
KBS0812,4536,D,41,40,6,6
KBS0812,4584,A,35,44,6,6
KBS0812,4584,B,39,45,6,6
KBS0812,4584,C,35,32,6,6
KBS0812,4584,D,36,35,6,6
KBS0812,4632,A,37,28,6,6
KBS0812,4632,B,42,46,6,6
KBS0812,4632,C,30,37,6,6
KBS0812,4632,D,23,48,6,6
KBS0812,4680,A,28,31,6,6
KBS0812,4680,B,24,43,6,6
KBS0812,4680,C,41,52,6,6
KBS0812,4680,D,32,33,6,6
KBS0812,4728,A,30,21,6,6
KBS0812,4728,B,26,35,6,6
KBS0812,4728,C,35,33,6,6
KBS0812,4728,D,31,35,6,6
KBS0812,4776,A,23,39,6,6
KBS0812,4776,B,19,39,6,6
KBS0812,4776,C,38,36,6,6
KBS0812,4776,D,26,36,6,6
KBS0812,4824,A,23,38,6,6
KBS0812,4824,B,36,32,6,6
KBS0812,4824,C,42,27,6,6
KBS0812,4824,D,38,39,6,6
KBS0812,4872,A,39,31,6,6
KBS0812,4872,B,21,23,6,6
KBS0812,4872,C,28,23,6,6
KBS0812,4872,D,41,34,6,6
KBS0812,4920,A,36,24,6,6
KBS0812,4920,B,37,28,6,6
KBS0812,4920,C,45,36,6,6
KBS0812,4920,D,34,34,6,6
KBS0812,4968,A,36,32,6,6
KBS0812,4968,B,39,28,6,6
KBS0812,4968,C,37,26,6,6
KBS0812,4968,D,40,32,6,6
KBS0812,5016,A,35,29,6,6
KBS0812,5016,B,40,30,6,6
KBS0812,5016,C,29,32,6,6
KBS0812,5016,D,57,31,6,6
KBS0812,5064,A,34,22,6,6
KBS0812,5064,B,39,25,6,6
KBS0812,5064,C,39,27,6,6
KBS0812,5064,D,46,35,6,6
KBS0812,5112,A,35,22,6,6
KBS0812,5112,B,49,36,6,6
KBS0812,5112,C,28,50,6,6
KBS0812,5112,D,30,47,6,6
KBS0812,5856,A,57,78,6,6
KBS0812,5856,B,72,96,6,6
KBS0812,5856,C,97,123,6,6
KBS0812,5856,D,85,112,6,6
KBS0812,5904,A,69,55,6,6
KBS0812,5904,B,101,95,6,6
KBS0812,5904,C,132,151,6,6
KBS0812,5904,D,91,99,6,6
KBS0812,5952,A,69,61,6,6
KBS0812,5952,B,75,52,6,6
KBS0812,5952,C,69,55,6,6
KBS0812,5952,D,72,50,6,6
KBS0812,6000,A,51,53,6,6
KBS0812,6000,B,80,51,6,6
KBS0812,6000,C,68,96,6,6
KBS0812,6000,D,83,101,6,6
KBS0812,6048,A,60,71,6,6
KBS0812,6048,B,99,100,6,6
KBS0812,6048,C,92,88,6,6
KBS0812,6048,D,80,108,6,6
KBS0812,6096,A,70,52,6,6
KBS0812,6096,B,91,72,6,6
KBS0812,6096,C,100,80,6,6
KBS0812,6096,D,116,102,6,6
KBS0812,6144,A,73,81,6,6
KBS0812,6144,B,103,81,6,6
KBS0812,6144,C,86,92,6,6
KBS0812,6144,D,126,143,6,6
KBS0812,6192,A,65,94,6,6
KBS0812,6192,B,61,84,6,6
KBS0812,6192,C,101,102,6,6
KBS0812,6192,D,86,86,6,6
KBS0812,6240,A,79,77,6,6
KBS0812,6240,B,71,74,6,6
KBS0812,6240,C,119,97,6,6
KBS0812,6240,D,72,89,6,6
KBS0812,6288,A,56,70,6,6
KBS0812,6288,B,91,101,6,6
KBS0812,6288,C,105,88,6,6
KBS0812,6288,D,108,105,6,6
KBS0812,6336,A,72,75,6,6
KBS0812,6336,B,90,97,6,6
KBS0812,6336,C,124,98,6,6
KBS0812,6336,D,111,122,6,6
KBS0812,6384,A,102,111,6,6
KBS0812,6384,B,78,100,6,6
KBS0812,6384,C,70,127,6,6
KBS0812,6384,D,81,95,6,6
KBS0812,6432,A,74,79,6,6
KBS0812,6432,B,87,82,6,6
KBS0812,6432,C,103,95,6,6
KBS0812,6432,D,117,80,6,6
KBS0812,6480,A,73,94,6,6
KBS0812,6480,B,74,99,6,6
KBS0812,6480,C,110,124,6,6
KBS0812,6480,D,96,89,6,6
KBS0812,6528,A,106,92,6,6
KBS0812,6528,B,103,108,6,6
KBS0812,6528,C,115,96,6,6
KBS0812,6528,D,121,112,6,6
KBS0812,6576,A,65,78,6,6
KBS0812,6576,B,96,89,6,6
KBS0812,6576,C,83,109,6,6
KBS0812,6576,D,111,92,6,6
KBS0812,6624,A,74,88,6,6
KBS0812,6624,B,90,98,6,6
KBS0812,6624,C,92,66,6,6
KBS0812,6624,D,100,102,6,6
KBS0812,6672,A,107,104,6,6
KBS0812,6672,B,83,97,6,6
KBS0812,6672,C,108,117,6,6
KBS0812,6672,D,105,132,6,6
KBS0812,6720,A,88,78,6,6
KBS0812,6720,B,94,71,6,6
KBS0812,6720,C,111,114,6,6
KBS0812,6720,D,90,92,6,6
KBS0812,6768,A,86,74,6,6
KBS0812,6768,B,102,107,6,6
KBS0812,6768,C,92,100,6,6
KBS0812,6768,D,130,81,6,6
KBS0812,6816,A,74,84,6,6
KBS0812,6816,B,87,81,6,6
KBS0812,6816,C,97,93,6,6
KBS0812,6816,D,158,112,6,6
KBS0812,6864,A,113,103,6,6
KBS0812,6864,B,107,106,6,6
KBS0812,6864,C,109,104,6,6
KBS0812,6864,D,114,108,6,6
KBS0812,6912,A,77,87,6,6
KBS0812,6912,B,84,116,6,6
KBS0812,6912,C,73,93,6,6
KBS0812,6912,D,74,124,6,6
KBS0812,6960,A,50,74,6,6
KBS0812,6960,B,72,78,6,6
KBS0812,6960,C,96,108,6,6
KBS0812,6960,D,92,116,6,6
KBS0812,7008,A,98,95,6,6
KBS0812,7008,B,86,110,6,6
KBS0812,7008,C,85,93,6,6
KBS0812,7008,D,111,68,6,6
KBS0812,7056,A,125,108,6,6
KBS0812,7056,B,87,79,6,6
KBS0812,7056,C,102,99,6,6
KBS0812,7056,D,101,80,6,6
KBS0812,7104,A,87,90,6,6
KBS0812,7104,B,81,102,6,6
KBS0812,7104,C,111,128,6,6
KBS0812,7104,D,101,123,6,6
KBS0812,7152,A,83,89,6,6
KBS0812,7152,B,89,101,6,6
KBS0812,7152,C,105,106,6,6
KBS0812,7152,D,127,124,6,6
KBS0812,7200,A,98,109,6,6
KBS0812,7200,B,75,101,6,6
KBS0812,7200,C,50,91,6,6
KBS0812,7200,D,76,66,6,6
KBS0812,7248,A,51,81,6,6
KBS0812,7248,B,67,82,6,6
KBS0812,7248,C,105,90,6,6
KBS0812,7248,D,82,116,6,6
KBS0812,7296,A,98,100,6,6
KBS0812,7296,B,128,111,6,6
KBS0812,7296,C,144,101,6,6
KBS0812,7296,D,97,119,6,6
KBS0812,7344,A,116,76,6,6
KBS0812,7344,B,101,121,6,6
KBS0812,7344,C,105,142,6,6
KBS0812,7344,D,89,104,6,6
KBS0812,7392,A,101,88,6,6
KBS0812,7392,B,81,79,6,6
KBS0812,7392,C,106,95,6,6
KBS0812,7392,D,135,141,6,6
KBS0812,7440,A,105,99,6,6
KBS0812,7440,B,88,92,6,6
KBS0812,7440,C,83,129,6,6
KBS0812,7440,D,115,75,6,6
KBS0812,7488,A,76,102,6,6
KBS0812,7488,B,106,96,6,6
KBS0812,7488,C,75,109,6,6
KBS0812,7488,D,101,108,6,6
KBS0812,7536,A,131,121,6,6
KBS0812,7536,B,123,126,6,6
KBS0812,7536,C,109,137,6,6
KBS0812,7536,D,128,121,6,6
KBS0812,7584,A,103,89,6,6
KBS0812,7584,B,99,106,6,6
KBS0812,7584,C,149,122,6,6
KBS0812,7584,D,115,108,6,6
KBS0812,7632,A,92,114,6,6
KBS0812,7632,B,120,133,6,6
KBS0812,7632,C,127,163,6,6
KBS0812,7632,D,120,115,6,6
KBS0812,7680,A,113,78,6,6
KBS0812,7680,B,106,72,6,6
KBS0812,7680,C,109,66,6,6
KBS0812,7680,D,131,96,6,6
KBS0812,7728,A,125,97,6,6
KBS0812,7728,B,121,103,6,6
KBS0812,7728,C,117,99,6,6
KBS0812,7728,D,125,105,6,6
KBS0812,7776,A,103,90,6,6
KBS0812,7776,B,128,161,6,6
KBS0812,7776,C,118,136,6,6
KBS0812,7776,D,95,137,6,6
KBS0812,7824,A,124,120,6,6
KBS0812,7824,B,117,108,6,6
KBS0812,7824,C,145,118,6,6
KBS0812,7824,D,119,164,6,6
KBS0812,7872,A,120,110,6,6
KBS0812,7872,B,115,120,6,6
KBS0812,7872,C,123,130,6,6
KBS0812,7872,D,131,132,6,6
KBS0812,7920,A,95,111,6,6
KBS0812,7920,B,112,119,6,6
KBS0812,7920,C,101,133,6,6
KBS0812,7920,D,123,99,6,6
KBS0812,7968,A,110,117,6,6
KBS0812,7968,B,114,125,6,6
KBS0812,7968,C,130,101,6,6
KBS0812,7968,D,111,108,6,6
KBS0812,8016,A,124,116,6,6
KBS0812,8016,B,127,128,6,6
KBS0812,8016,C,97,100,6,6
KBS0812,8016,D,149,115,6,6
KBS0812,8064,A,145,138,6,6
KBS0812,8064,B,119,111,6,6
KBS0812,8064,C,133,123,6,6
KBS0812,8064,D,117,124,6,6
KBS0812,8112,A,104,134,6,6
KBS0812,8112,B,120,144,6,6
KBS0812,8112,C,135,140,6,6
KBS0812,8112,D,101,135,6,6
KBS0812,8160,A,145,121,6,6
KBS0812,8160,B,129,130,6,6
KBS0812,8160,C,165,125,6,6
KBS0812,8160,D,171,156,6,6
KBS0812,8208,A,122,133,6,6
KBS0812,8208,B,117,134,6,6
KBS0812,8208,C,118,154,6,6
KBS0812,8208,D,139,98,6,6
KBS0812,8256,A,128,121,6,6
KBS0812,8256,B,165,178,6,6
KBS0812,8256,C,171,160,6,6
KBS0812,8256,D,161,165,6,6
KBS0812,8304,A,107,89,6,6
KBS0812,8304,B,165,143,6,6
KBS0812,8304,C,139,109,6,6
KBS0812,8304,D,144,120,6,6
KBS0812,8352,A,122,130,6,6
KBS0812,8352,B,143,150,6,6
KBS0812,8352,C,146,140,6,6
KBS0812,8352,D,109,143,6,6
KBS0812,8400,A,156,152,6,6
KBS0812,8400,B,182,149,6,6
KBS0812,8400,C,179,203,6,6
KBS0812,8400,D,200,213,6,6
KBS0812,8448,A,147,133,6,6
KBS0812,8448,B,136,123,6,6
KBS0812,8448,C,153,132,6,6
KBS0812,8448,D,149,126,6,6
KBS0812,8496,A,39,35,6,6
KBS0812,8496,B,53,39,6,6
KBS0812,8496,C,46,31,6,6
KBS0812,8496,D,58,41,6,6
KBS0812,8544,A,73,44,6,6
KBS0812,8544,B,70,44,6,6
KBS0812,8544,C,39,32,6,6
KBS0812,8544,D,34,39,6,6
KBS0812,8592,A,33,45,6,6
KBS0812,8592,B,46,30,6,6
KBS0812,8592,C,49,39,6,6
KBS0812,8592,D,44,39,6,6
KBS0812,8640,A,40,41,6,6
KBS0812,8640,B,51,43,6,6
KBS0812,8640,C,76,45,6,6
KBS0812,8640,D,73,71,6,6
KBS0812,8688,A,40,34,6,6
KBS0812,8688,B,51,46,6,6
KBS0812,8688,C,40,56,6,6
KBS0812,8688,D,64,55,6,6
KBS0812,8736,A,49,37,6,6
KBS0812,8736,B,51,32,6,6
KBS0812,8736,C,56,33,6,6
KBS0812,8736,D,57,40,6,6
KBS0812,8784,A,57,37,6,6
KBS0812,8784,B,55,53,6,6
KBS0812,8784,C,42,50,6,6
KBS0812,8784,D,63,63,6,6
KBS0812,8832,A,49,56,6,6
KBS0812,8832,B,49,54,6,6
KBS0812,8832,C,60,72,6,6
KBS0812,8832,D,47,65,6,6
KBS0812,8880,A,44,45,6,6
KBS0812,8880,B,47,44,6,6
KBS0812,8880,C,45,52,6,6
KBS0812,8880,D,53,35,6,6
KBS0812,8928,A,52,42,6,6
KBS0812,8928,B,59,39,6,6
KBS0812,8928,C,68,66,6,6
KBS0812,8928,D,60,54,6,6
KBS0812,8976,A,47,33,6,6
KBS0812,8976,B,52,29,6,6
KBS0812,8976,C,38,29,6,6
KBS0812,8976,D,44,20,6,6
KBS0812,9024,A,38,26,6,6
KBS0812,9024,B,34,30,6,6
KBS0812,9024,C,37,37,6,6
KBS0812,9024,D,50,46,6,6
KBS0812,9072,A,43,25,6,6
KBS0812,9072,B,56,38,6,6
KBS0812,9072,C,59,37,6,6
KBS0812,9072,D,57,33,6,6
KBS0812,9120,A,50,32,6,6
KBS0812,9120,B,61,42,6,6
KBS0812,9120,C,30,39,6,6
KBS0812,9120,D,60,29,6,6
KBS0812,9168,A,50,28,6,6
KBS0812,9168,B,47,38,6,6
KBS0812,9168,C,62,34,6,6
KBS0812,9168,D,70,52,6,6
KBS0812,9216,A,47,38,6,6
KBS0812,9216,B,61,39,6,6
KBS0812,9216,C,77,29,6,6
KBS0812,9216,D,70,37,6,6
KBS0812,9264,A,44,44,6,6
KBS0812,9264,B,79,82,6,6
KBS0812,9264,C,61,69,6,6
KBS0812,9264,D,45,53,6,6
KBS0812,9312,A,49,32,6,6
KBS0812,9312,B,50,51,6,6
KBS0812,9312,C,51,51,6,6
KBS0812,9312,D,48,45,6,6
KBS0812,9360,A,58,39,6,6
KBS0812,9360,B,57,49,6,6
KBS0812,9360,C,44,45,6,6
KBS0812,9360,D,52,32,6,6
KBS0812,9408,A,53,45,6,6
KBS0812,9408,B,70,39,6,6
KBS0812,9408,C,34,33,6,6
KBS0812,9408,D,67,43,6,6
KBS0812,9456,A,53,38,6,6
KBS0812,9456,B,46,52,6,6
KBS0812,9456,C,50,49,6,6
KBS0812,9456,D,68,35,6,6
KBS0812,9504,A,55,22,6,6
KBS0812,9504,B,44,35,6,6
KBS0812,9504,C,40,26,6,6
KBS0812,9504,D,42,43,6,6
KBS0812,9552,A,47,37,6,6
KBS0812,9552,B,45,31,6,6
KBS0812,9552,C,43,41,6,6
KBS0812,9552,D,51,38,6,6
KBS0812,9600,A,44,36,6,6
KBS0812,9600,B,39,22,6,6
KBS0812,9600,C,68,43,6,6
KBS0812,9600,D,59,43,6,6
KBS0812,9648,A,32,36,6,6
KBS0812,9648,B,46,37,6,6
KBS0812,9648,C,57,25,6,6
KBS0812,9648,D,72,31,6,6
KBS0812,9696,A,42,44,6,6
KBS0812,9696,B,65,49,6,6
KBS0812,9696,C,62,63,6,6
KBS0812,9696,D,60,67,6,6
KBS0812,9744,A,51,35,6,6
KBS0812,9744,B,49,52,6,6
KBS0812,9744,C,57,57,6,6
KBS0812,9744,D,68,49,6,6
KBS0812,9792,A,49,47,6,6
KBS0812,9792,B,49,46,6,6
KBS0812,9792,C,54,27,6,6
KBS0812,9792,D,46,43,6,6
KBS0812,9840,A,54,41,6,6
KBS0812,9840,B,47,35,6,6
KBS0812,9840,C,62,53,6,6
KBS0812,9840,D,43,39,6,6
KBS0812,9888,A,56,42,6,6
KBS0812,9888,B,58,47,6,6
KBS0812,9888,C,58,54,6,6
KBS0812,9888,D,61,44,6,6
KBS0812,9936,A,31,31,6,6
KBS0812,9936,B,36,41,6,6
KBS0812,9936,C,34,38,6,6
KBS0812,9936,D,55,25,6,6
KBS0812,9984,A,52,31,6,6
KBS0812,9984,B,20,34,6,6
KBS0812,9984,C,35,32,6,6
KBS0812,9984,D,70,52,6,6
KBS0812,10032,A,41,43,6,6
KBS0812,10032,B,32,24,6,6
KBS0812,10032,C,30,41,6,6
KBS0812,10032,D,36,30,6,6
KBS0812,10080,A,42,36,6,6
KBS0812,10080,B,44,52,6,6
KBS0812,10080,C,61,56,6,6
KBS0812,10080,D,67,69,6,6
KBS0812,10128,A,29,25,6,6
KBS0812,10128,B,47,38,6,6
KBS0812,10128,C,61,50,6,6
KBS0812,10128,D,48,42,6,6
KBS0812,10176,A,36,26,6,6
KBS0812,10176,B,45,28,6,6
KBS0812,10176,C,68,65,6,6
KBS0812,10176,D,52,59,6,6
KBS0812,10224,A,40,61,6,6
KBS0812,10224,B,44,44,6,6
KBS0812,10224,C,52,46,6,6
KBS0812,10224,D,43,50,6,6
KBS0812,10272,A,46,51,6,6
KBS0812,10272,B,51,37,6,6
KBS0812,10272,C,65,61,6,6
KBS0812,10272,D,56,60,6,6
KBS0812,10320,A,50,47,6,6
KBS0812,10320,B,51,40,6,6
KBS0812,10320,C,37,38,6,6
KBS0812,10320,D,41,64,6,6
KBS0812,10368,A,44,43,6,6
KBS0812,10368,B,52,32,6,6
KBS0812,10368,C,51,45,6,6
KBS0812,10368,D,41,41,6,6
KBS0812,10416,A,40,36,6,6
KBS0812,10416,B,42,59,6,6
KBS0812,10416,C,37,46,6,6
KBS0812,10416,D,57,57,6,6
KBS0812,10464,A,45,48,6,6
KBS0812,10464,B,63,65,6,6
KBS0812,10464,C,54,48,6,6
KBS0812,10464,D,62,61,6,6
KBS0812,10512,A,20,34,6,6
KBS0812,10512,B,60,33,6,6
KBS0812,10512,C,52,38,6,6
KBS0812,10512,D,68,45,6,6
KBS0812,10560,A,46,52,6,6
KBS0812,10560,B,35,44,6,6
KBS0812,10560,C,56,50,6,6
KBS0812,10560,D,61,43,6,6
KBS0812,10608,A,43,44,6,6
KBS0812,10608,B,57,42,6,6
KBS0812,10608,C,44,47,6,6
KBS0812,10608,D,46,39,6,6
KBS0812,10656,A,57,46,6,6
KBS0812,10656,B,51,32,6,6
KBS0812,10656,C,56,42,6,6
KBS0812,10656,D,66,56,6,6
KBS0812,10704,A,42,56,6,6
KBS0812,10704,B,46,54,6,6
KBS0812,10704,C,56,43,6,6
KBS0812,10704,D,45,40,6,6
KBS0812,10752,A,59,60,6,6
KBS0812,10752,B,58,59,6,6
KBS0812,10752,C,50,71,6,6
KBS0812,10752,D,44,71,6,6
KBS0812,10800,A,41,59,6,6
KBS0812,10800,B,54,52,6,6
KBS0812,10800,C,47,60,6,6
KBS0812,10800,D,58,66,6,6
KBS0812,10848,A,44,54,6,6
KBS0812,10848,B,46,54,6,6
KBS0812,10848,C,48,51,6,6
KBS0812,10848,D,70,37,6,6
KBS0812,10896,A,54,53,6,6
KBS0812,10896,B,50,60,6,6
KBS0812,10896,C,46,48,6,6
KBS0812,10896,D,57,49,6,6
KBS0812,10944,A,51,31,6,6
KBS0812,10944,B,59,61,6,6
KBS0812,10944,C,61,58,6,6
KBS0812,10944,D,38,47,6,6
KBS0812,10992,A,44,47,6,6
KBS0812,10992,B,60,56,6,6
KBS0812,10992,C,47,38,6,6
KBS0812,10992,D,56,55,6,6
KBS0812,11040,A,50,52,6,6
KBS0812,11040,B,40,48,6,6
KBS0812,11040,C,55,73,6,6
KBS0812,11040,D,61,64,6,6
KBS0812,11088,A,54,28,6,6
KBS0812,11088,B,52,40,6,6
KBS0812,11088,C,51,56,6,6
KBS0812,11088,D,55,32,6,6
KBS0812,11136,A,49,45,6,6
KBS0812,11136,B,50,47,6,6
KBS0812,11136,C,58,44,6,6
KBS0812,11136,D,62,57,6,6
KBS0812,11184,A,47,47,6,6
KBS0812,11184,B,55,40,6,6
KBS0812,11184,C,49,63,6,6
KBS0812,11184,D,41,57,6,6
KBS0812,11232,A,56,44,6,6
KBS0812,11232,B,48,43,6,6
KBS0812,11232,C,38,54,6,6
KBS0812,11232,D,69,59,6,6
KBS0812,11280,A,56,54,6,6
KBS0812,11280,B,57,61,6,6
KBS0812,11280,C,55,53,6,6
KBS0812,11280,D,40,65,6,6
KBS0812,11328,A,58,74,6,6
KBS0812,11328,B,59,65,6,6
KBS0812,11328,C,58,76,6,6
KBS0812,11328,D,72,62,6,6
KBS0812,11376,A,56,47,6,6
KBS0812,11376,B,51,41,6,6
KBS0812,11376,C,67,43,6,6
KBS0812,11376,D,58,55,6,6
KBS0812,11424,A,56,39,6,6
KBS0812,11424,B,53,46,6,6
KBS0812,11424,C,44,49,6,6
KBS0812,11424,D,42,39,6,6
KBS0812,11472,A,67,77,6,6
KBS0812,11472,B,82,80,6,6
KBS0812,11472,C,56,85,6,6
KBS0812,11472,D,80,86,6,6
KBS0812,11520,A,53,48,6,6
KBS0812,11520,B,45,42,6,6
KBS0812,11520,C,48,59,6,6
KBS0812,11520,D,64,53,6,6
KBS0812,11568,A,42,66,6,6
KBS0812,11568,B,51,44,6,6
KBS0812,11568,C,44,43,6,6
KBS0812,11568,D,64,38,6,6
KBS0812,11616,A,50,52,6,6
KBS0812,11616,B,83,59,6,6
KBS0812,11616,C,59,70,6,6
KBS0812,11616,D,74,51,6,6
KBS0812,11664,A,55,52,6,6
KBS0812,11664,B,83,76,6,6
KBS0812,11664,C,96,81,6,6
KBS0812,11664,D,85,88,6,6
KBS0812,11712,A,61,63,6,6
KBS0812,11712,B,73,60,6,6
KBS0812,11712,C,83,80,6,6
KBS0812,11712,D,66,74,6,6
KBS0812,11760,A,63,42,6,6
KBS0812,11760,B,40,64,6,6
KBS0812,11760,C,51,79,6,6
KBS0812,11760,D,52,78,6,6
KBS0812,11808,A,79,58,6,6
KBS0812,11808,B,79,72,6,6
KBS0812,11808,C,91,76,6,6
KBS0812,11808,D,96,73,6,6
KBS0812,11856,A,73,58,6,6
KBS0812,11856,B,81,49,6,6
KBS0812,11856,C,70,59,6,6
KBS0812,11856,D,79,48,6,6
KBS0812,11904,A,65,54,6,6
KBS0812,11904,B,104,75,6,6
KBS0812,11904,C,94,46,6,6
KBS0812,11904,D,115,48,6,6
KBS0812,11952,A,54,69,6,6
KBS0812,11952,B,82,82,6,6
KBS0812,11952,C,73,87,6,6
KBS0812,11952,D,64,91,6,6
KBS0812,12000,A,68,77,6,6
KBS0812,12000,B,79,67,6,6
KBS0812,12000,C,74,66,6,6
KBS0812,12000,D,60,53,6,6
KBS0812,12048,A,64,88,6,6
KBS0812,12048,B,66,63,6,6
KBS0812,12048,C,61,82,6,6
KBS0812,12048,D,100,82,6,6
KBS0812,12096,A,54,69,6,6
KBS0812,12096,B,59,70,6,6
KBS0812,12096,C,88,78,6,6
KBS0812,12096,D,66,63,6,6
KBS0812,12144,A,58,46,6,6
KBS0812,12144,B,50,74,6,6
KBS0812,12144,C,57,79,6,6
KBS0812,12144,D,78,66,6,6
KBS0812,12192,A,74,50,6,6
KBS0812,12192,B,78,49,6,6
KBS0812,12192,C,79,56,6,6
KBS0812,12192,D,110,60,6,6
KBS0812,12240,A,78,88,6,6
KBS0812,12240,B,74,63,6,6
KBS0812,12240,C,121,87,6,6
KBS0812,12240,D,72,104,6,6
KBS0812,12288,A,51,56,6,6
KBS0812,12288,B,62,69,6,6
KBS0812,12288,C,65,73,6,6
KBS0812,12288,D,121,80,6,6
KBS0812,12336,A,54,67,6,6
KBS0812,12336,B,84,77,6,6
KBS0812,12336,C,72,84,6,6
KBS0812,12336,D,77,60,6,6
KBS0812,12384,A,68,51,6,6
KBS0812,12384,B,64,66,6,6
KBS0812,12384,C,97,78,6,6
KBS0812,12384,D,86,87,6,6
KBS0812,12432,A,61,47,6,6
KBS0812,12432,B,73,80,6,6
KBS0812,12432,C,87,80,6,6
KBS0812,12432,D,72,104,6,6
KBS0812,12480,A,40,66,6,6
KBS0812,12480,B,51,87,6,6
KBS0812,12480,C,108,90,6,6
KBS0812,12480,D,84,73,6,6
KBS0812,12528,A,61,63,6,6
KBS0812,12528,B,83,55,6,6
KBS0812,12528,C,78,53,6,6
KBS0812,12528,D,82,91,6,6
KBS0812,12576,A,60,59,6,6
KBS0812,12576,B,70,77,6,6
KBS0812,12576,C,51,64,6,6
KBS0812,12576,D,65,70,6,6
KBS0812,12624,A,76,63,6,6
KBS0812,12624,B,51,80,6,6
KBS0812,12624,C,59,78,6,6
KBS0812,12624,D,74,79,6,6
KBS0812,12672,A,62,66,6,6
KBS0812,12672,B,65,70,6,6
KBS0812,12672,C,33,37,6,6
KBS0812,12672,D,63,48,6,6
KBS0812,12720,A,67,66,6,6
KBS0812,12720,B,64,69,6,6
KBS0812,12720,C,61,86,6,6
KBS0812,12720,D,77,77,6,6
KBS0812,12768,A,54,68,6,6
KBS0812,12768,B,80,63,6,6
KBS0812,12768,C,78,52,6,6
KBS0812,12768,D,71,35,6,6
KBS0812,12816,A,63,32,6,6
KBS0812,12816,B,73,43,6,6
KBS0812,12816,C,38,66,6,6
KBS0812,12816,D,41,36,6,6
KBS0812,12864,A,62,58,6,6
KBS0812,12864,B,86,63,6,6
KBS0812,12864,C,71,59,6,6
KBS0812,12864,D,119,85,6,6
KBS0812,12912,A,57,55,6,6
KBS0812,12912,B,76,57,6,6
KBS0812,12912,C,64,75,6,6
KBS0812,12912,D,56,52,6,6
KBS0812,12960,A,53,93,6,6
KBS0812,12960,B,55,69,6,6
KBS0812,12960,C,82,103,6,6
KBS0812,12960,D,70,95,6,6
KBS0812,13008,A,55,61,6,6
KBS0812,13008,B,67,73,6,6
KBS0812,13008,C,62,75,6,6
KBS0812,13008,D,59,76,6,6
KBS0812,13056,A,53,51,6,6
KBS0812,13056,B,69,55,6,6
KBS0812,13056,C,61,56,6,6
KBS0812,13056,D,76,68,6,6
KBS0812,13104,A,64,32,6,6
KBS0812,13104,B,56,59,6,6
KBS0812,13104,C,70,62,6,6
KBS0812,13104,D,38,52,6,6
KBS0812,13152,A,64,54,6,6
KBS0812,13152,B,61,53,6,6
KBS0812,13152,C,71,59,6,6
KBS0812,13152,D,64,62,6,6
KBS0812,13200,A,57,57,6,6
KBS0812,13200,B,65,36,6,6
KBS0812,13200,C,56,56,6,6
KBS0812,13200,D,55,43,6,6
KBS0812,13248,A,78,65,6,6
KBS0812,13248,B,73,56,6,6
KBS0812,13248,C,77,56,6,6
KBS0812,13248,D,77,70,6,6
KBS0812,13296,A,82,27,6,6
KBS0812,13296,B,81,24,6,6
KBS0812,13296,C,59,36,6,6
KBS0812,13296,D,68,35,6,6
KBS0812,13344,A,62,52,6,6
KBS0812,13344,B,53,42,6,6
KBS0812,13344,C,49,53,6,6
KBS0812,13344,D,63,70,6,6
KBS0812,13392,A,55,52,6,6
KBS0812,13392,B,67,53,6,6
KBS0812,13392,C,55,55,6,6
KBS0812,13392,D,48,67,6,6
KBS0812,13440,A,43,47,6,6
KBS0812,13440,B,63,63,6,6
KBS0812,13440,C,63,52,6,6
KBS0812,13440,D,73,71,6,6
KBS0812,13488,A,71,29,6,6
KBS0812,13488,B,52,42,6,6
KBS0812,13488,C,54,39,6,6
KBS0812,13488,D,47,49,6,6
KBS0812,13536,A,66,69,6,6
KBS0812,13536,B,44,78,6,6
KBS0812,13536,C,61,69,6,6
KBS0812,13536,D,46,47,6,6
KBS0812,13584,A,74,94,6,6
KBS0812,13584,B,78,73,6,6
KBS0812,13584,C,47,66,6,6
KBS0812,13584,D,71,79,6,6
KBS0812,13632,A,64,60,6,6
KBS0812,13632,B,79,77,6,6
KBS0812,13632,C,72,77,6,6
KBS0812,13632,D,78,60,6,6
KBS0812,13680,A,71,65,6,6
KBS0812,13680,B,84,68,6,6
KBS0812,13680,C,93,67,6,6
KBS0812,13680,D,86,71,6,6
KBS0812,13728,A,69,70,6,6
KBS0812,13728,B,87,82,6,6
KBS0812,13728,C,92,90,6,6
KBS0812,13728,D,75,71,6,6
KBS0812,13776,A,64,58,6,6
KBS0812,13776,B,77,49,6,6
KBS0812,13776,C,65,76,6,6
KBS0812,13776,D,64,51,6,6
KBS0812,13824,A,81,61,6,6
KBS0812,13824,B,88,88,6,6
KBS0812,13824,C,85,81,6,6
KBS0812,13824,D,81,63,6,6
KBS0812,13872,A,54,75,6,6
KBS0812,13872,B,77,86,6,6
KBS0812,13872,C,68,93,6,6
KBS0812,13872,D,72,67,6,6
KBS0812,13920,A,54,80,6,6
KBS0812,13920,B,71,85,6,6
KBS0812,13920,C,65,82,6,6
KBS0812,13920,D,89,93,6,6
KBS0812,13968,A,73,47,6,6
KBS0812,13968,B,93,73,6,6
KBS0812,13968,C,82,81,6,6
KBS0812,13968,D,65,82,6,6