<?xml version="1.0" encoding="utf-8"?>
<faces>
	<face file="20080210.jpg" xf="127" xm="157" xs="189" yf="171" ym="247" ys="171"/>
	<face file="20080601.jpg" xf="132" xm="156" xs="186" yf="183" ym="238" ys="166"/>
	<face file="20080226.jpg" xf="137" xm="160" xs="183" yf="185" ym="238" ys="182"/>
	<face file="20080513.jpg" xf="137" xm="166" xs="197" yf="160" ym="237" ys="160"/>
	<face file="20080202.jpg" xf="141" xm="172" xs="200" yf="184" ym="259" ys="183"/>
	<face file="20080213.jpg" xf="134" xm="162" xs="195" yf="168" ym="246" ys="169"/>
	<face file="20080509.jpg" xf="122" xm="154" xs="185" yf="174" ym="253" ys="175"/>
	<face file="20080615.jpg" xf="126" xm="154" xs="190" yf="178" ym="262" ys="180"/>
	<face file="20080414.jpg" xf="139" xm="167" xs="192" yf="181" ym="258" ys="181"/>
	<face file="20080114.jpg" xf="149" xm="169" xs="193" yf="211" ym="269" ys="210"/>
	<face file="20080625.jpg" xf="115" xm="141" xs="171" yf="213" ym="266" ys="190"/>
	<face file="20080124.jpg" xf="128" xm="157" xs="189" yf="168" ym="248" ys="168"/>
	<face file="20080310.jpg" xf="127" xm="156" xs="188" yf="187" ym="266" ys="187"/>
	<face file="20080104.jpg" xf="135" xm="163" xs="193" yf="170" ym="250" ys="171"/>
	<face file="20080502.jpg" xf="145" xm="174" xs="201" yf="159" ym="236" ys="159"/>
	<face file="20080407.jpg" xf="135" xm="165" xs="196" yf="182" ym="259" ys="181"/>
	<face file="20080217.jpg" xf="128" xm="155" xs="186" yf="175" ym="256" ys="177"/>
	<face file="20080505.jpg" xf="139" xm="169" xs="200" yf="178" ym="256" ys="179"/>
	<face file="20080315.jpg" xf="129" xm="162" xs="192" yf="187" ym="240" ys="163"/>
	<face file="20080608.jpg" xf="147" xm="167" xs="191" yf="187" ym="237" ys="187"/>
	<face file="20080203.jpg" xf="137" xm="162" xs="189" yf="196" ym="250" ys="177"/>
	<face file="20080224.jpg" xf="145" xm="172" xs="208" yf="198" ym="255" ys="177"/>
	<face file="20080113.jpg" xf="138" xm="161" xs="195" yf="190" ym="250" ys="170"/>
	<face file="20080515.jpg" xf="142" xm="167" xs="196" yf="186" ym="241" ys="163"/>
	<face file="20080606.jpg" xf="128" xm="156" xs="189" yf="163" ym="243" ys="164"/>
	<face file="20080617.jpg" xf="107" xm="126" xs="166" yf="200" ym="301" ys="201"/>
	<face file="20080215.jpg" xf="135" xm="165" xs="197" yf="159" ym="238" ys="160"/>
	<face file="20080125.jpg" xf="130" xm="158" xs="190" yf="166" ym="248" ys="167"/>
	<face file="20080403.jpg" xf="147" xm="173" xs="194" yf="198" ym="255" ys="196"/>
	<face file="20080103.jpg" xf="147" xm="172" xs="207" yf="187" ym="246" ys="167"/>
	<face file="20080512.jpg" xf="134" xm="162" xs="194" yf="169" ym="246" ys="170"/>
	<face file="20080227.jpg" xf="140" xm="171" xs="200" yf="176" ym="253" ys="174"/>
	<face file="20080207.jpg" xf="126" xm="154" xs="183" yf="193" ym="248" ys="192"/>
	<face file="20080525.jpg" xf="136" xm="164" xs="190" yf="172" ym="249" ys="173"/>
	<face file="20080511.jpg" xf="135" xm="162" xs="190" yf="171" ym="246" ys="172"/>
	<face file="20080308.jpg" xf="137" xm="162" xs="185" yf="179" ym="233" ys="177"/>
	<face file="20080421.jpg" xf="137" xm="161" xs="183" yf="188" ym="241" ys="186"/>
	<face file="20080425.jpg" xf="153" xm="178" xs="206" yf="197" ym="253" ys="196"/>
	<face file="20080208.jpg" xf="143" xm="167" xs="191" yf="195" ym="252" ys="193"/>
	<face file="20080102.jpg" xf="121" xm="150" xs="184" yf="167" ym="247" ys="167"/>
	<face file="20080304.jpg" xf="132" xm="169" xs="197" yf="198" ym="252" ys="178"/>
	<face file="20080607.jpg" xf="147" xm="174" xs="207" yf="169" ym="245" ys="171"/>
	<face file="20080616.jpg" xf="116" xm="144" xs="177" yf="189" ym="262" ys="192"/>
	<face file="20080402.jpg" xf="132" xm="162" xs="189" yf="175" ym="252" ys="175"/>
	<face file="20080131.jpg" xf="139" xm="166" xs="197" yf="181" ym="259" ys="183"/>
	<face file="20080627.jpg" xf="100" xm="126" xs="158" yf="189" ym="265" ys="192"/>
	<face file="20080209.jpg" xf="141" xm="170" xs="201" yf="165" ym="243" ys="165"/>
	<face file="20080305.jpg" xf="140" xm="161" xs="185" yf="205" ym="260" ys="205"/>
	<face file="20080324.jpg" xf="138" xm="167" xs="197" yf="165" ym="241" ys="165"/>
	<face file="20080604.jpg" xf="146" xm="175" xs="200" yf="180" ym="258" ys="181"/>
	<face file="20080412.jpg" xf="126" xm="155" xs="185" yf="169" ym="249" ys="169"/>
	<face file="20080325.jpg" xf="142" xm="166" xs="191" yf="188" ym="244" ys="187"/>
	<face file="20080119.jpg" xf="117" xm="144" xs="177" yf="168" ym="249" ys="169"/>
	<face file="20080110.jpg" xf="137" xm="164" xs="196" yf="183" ym="258" ys="183"/>
	<face file="20080108.jpg" xf="137" xm="161" xs="190" yf="187" ym="248" ys="172"/>
	<face file="20080417.jpg" xf="143" xm="175" xs="207" yf="203" ym="260" ys="183"/>
	<face file="20080212.jpg" xf="138" xm="161" xs="190" yf="178" ym="233" ys="156"/>
	<face file="20080326.jpg" xf="139" xm="168" xs="199" yf="166" ym="244" ys="166"/>
	<face file="20080504.jpg" xf="131" xm="160" xs="192" yf="160" ym="238" ys="161"/>
	<face file="20080427.jpg" xf="138" xm="168" xs="201" yf="174" ym="253" ys="175"/>
	<face file="20080426.jpg" xf="136" xm="164" xs="196" yf="161" ym="240" ys="163"/>
	<face file="20080528.jpg" xf="149" xm="172" xs="191" yf="182" ym="236" ys="180"/>
	<face file="20080518.jpg" xf="129" xm="159" xs="191" yf="164" ym="240" ys="166"/>
	<face file="20080416.jpg" xf="138" xm="167" xs="201" yf="173" ym="251" ys="171"/>
	<face file="20080329.jpg" xf="138" xm="167" xs="193" yf="167" ym="245" ys="166"/>
	<face file="20080628.jpg" xf="108" xm="133" xs="160" yf="184" ym="256" ys="185"/>
	<face file="20080424.jpg" xf="135" xm="165" xs="197" yf="171" ym="250" ys="171"/>
	<face file="20080520.jpg" xf="139" xm="168" xs="200" yf="170" ym="247" ys="170"/>
	<face file="20080331.jpg" xf="123" xm="152" xs="187" yf="173" ym="253" ys="173"/>
	<face file="20080620.jpg" xf="105" xm="132" xs="163" yf="183" ym="258" ys="185"/>
	<face file="20080405.jpg" xf="135" xm="165" xs="199" yf="166" ym="246" ys="166"/>
	<face file="20080602.jpg" xf="145" xm="167" xs="201" yf="198" ym="253" ys="178"/>
	<face file="20080129.jpg" xf="136" xm="164" xs="194" yf="183" ym="259" ys="183"/>
	<face file="20080107.jpg" xf="126" xm="158" xs="192" yf="199" ym="258" ys="184"/>
	<face file="20080221.jpg" xf="137" xm="164" xs="198" yf="178" ym="258" ys="180"/>
	<face file="20080309.jpg" xf="129" xm="157" xs="190" yf="185" ym="263" ys="185"/>
	<face file="20080201.jpg" xf="130" xm="165" xs="197" yf="181" ym="239" ys="159"/>
	<face file="20080508.jpg" xf="139" xm="164" xs="195" yf="178" ym="253" ys="179"/>
	<face file="20080517.jpg" xf="143" xm="171" xs="198" yf="175" ym="254" ys="175"/>
	<face file="20080307.jpg" xf="131" xm="159" xs="191" yf="165" ym="244" ys="166"/>
	<face file="20080128.jpg" xf="141" xm="170" xs="205" yf="176" ym="258" ys="178"/>
	<face file="20080609.jpg" xf="113" xm="140" xs="173" yf="183" ym="261" ys="183"/>
	<face file="20080127.jpg" xf="135" xm="165" xs="199" yf="170" ym="251" ys="171"/>
	<face file="20080410.jpg" xf="136" xm="163" xs="188" yf="198" ym="254" ys="197"/>
	<face file="20080204.jpg" xf="132" xm="169" xs="197" yf="192" ym="249" ys="170"/>
	<face file="20080630.jpg" xf="114" xm="137" xs="172" yf="205" ym="258" ys="194"/>
	<face file="20080507.jpg" xf="136" xm="163" xs="189" yf="176" ym="252" ys="175"/>
	<face file="20080302.jpg" xf="142" xm="173" xs="205" yf="179" ym="258" ys="180"/>
	<face file="20080621.jpg" xf="110" xm="136" xs="166" yf="191" ym="264" ys="191"/>
	<face file="20080301.jpg" xf="133" xm="162" xs="195" yf="170" ym="248" ys="172"/>
	<face file="20080506.jpg" xf="140" xm="170" xs="203" yf="174" ym="252" ys="173"/>
	<face file="20080527.jpg" xf="135" xm="157" xs="183" yf="190" ym="243" ys="188"/>
	<face file="20080622.jpg" xf="106" xm="131" xs="162" yf="188" ym="261" ys="189"/>
	<face file="20080501.jpg" xf="141" xm="166" xs="189" yf="202" ym="256" ys="200"/>
	<face file="20080311.jpg" xf="120" xm="149" xs="183" yf="181" ym="263" ys="182"/>
	<face file="20080428.jpg" xf="139" xm="162" xs="187" yf="182" ym="236" ys="180"/>
	<face file="20080122.jpg" xf="134" xm="165" xs="198" yf="173" ym="253" ys="172"/>
	<face file="20080228.jpg" xf="117" xm="147" xs="176" yf="180" ym="255" ys="179"/>
	<face file="20080605.jpg" xf="134" xm="161" xs="188" yf="203" ym="257" ys="201"/>
	<face file="20080214.jpg" xf="137" xm="167" xs="198" yf="182" ym="259" ys="183"/>
	<face file="20080519.jpg" xf="137" xm="167" xs="191" yf="201" ym="256" ys="179"/>
	<face file="20080328.jpg" xf="135" xm="159" xs="184" yf="195" ym="251" ys="194"/>
	<face file="20080121.jpg" xf="136" xm="163" xs="196" yf="187" ym="266" ys="188"/>
	<face file="20080130.jpg" xf="142" xm="171" xs="201" yf="174" ym="251" ys="173"/>
	<face file="20080229.jpg" xf="136" xm="164" xs="197" yf="167" ym="243" ys="170"/>
	<face file="20080514.jpg" xf="131" xm="161" xs="192" yf="154" ym="233" ys="154"/>
	<face file="20080614.jpg" xf="114" xm="142" xs="180" yf="182" ym="265" ys="184"/>
	<face file="20080415.jpg" xf="130" xm="158" xs="192" yf="168" ym="247" ys="168"/>
	<face file="20080126.jpg" xf="125" xm="152" xs="189" yf="180" ym="259" ys="182"/>
	<face file="20080303.jpg" xf="151" xm="172" xs="200" yf="192" ym="249" ys="171"/>
	<face file="20080316.jpg" xf="130" xm="160" xs="192" yf="175" ym="253" ys="174"/>
	<face file="20080618.jpg" xf="114" xm="139" xs="168" yf="189" ym="263" ys="191"/>
	<face file="20080322.jpg" xf="124" xm="150" xs="185" yf="189" ym="246" ys="174"/>
	<face file="20080423.jpg" xf="130" xm="159" xs="189" yf="165" ym="242" ys="165"/>
	<face file="20080330.jpg" xf="129" xm="158" xs="189" yf="188" ym="266" ys="188"/>
	<face file="20080413.jpg" xf="127" xm="158" xs="189" yf="173" ym="254" ys="173"/>
	<face file="20080411.jpg" xf="137" xm="164" xs="188" yf="186" ym="240" ys="162"/>
	<face file="20080318.jpg" xf="147" xm="169" xs="204" yf="198" ym="255" ys="176"/>
	<face file="20080522.jpg" xf="140" xm="166" xs="197" yf="175" ym="250" ys="175"/>
	<face file="20080523.jpg" xf="149" xm="178" xs="212" yf="164" ym="243" ys="166"/>
	<face file="20080531.jpg" xf="127" xm="156" xs="187" yf="179" ym="257" ys="179"/>
	<face file="20080117.jpg" xf="119" xm="147" xs="181" yf="163" ym="243" ys="165"/>
	<face file="20080109.jpg" xf="139" xm="170" xs="206" yf="158" ym="240" ys="161"/>
	<face file="20080612.jpg" xf="125" xm="154" xs="188" yf="186" ym="268" ys="185"/>
	<face file="20080218.jpg" xf="140" xm="164" xs="189" yf="194" ym="250" ys="193"/>
	<face file="20080319.jpg" xf="144" xm="165" xs="188" yf="197" ym="253" ys="196"/>
	<face file="20080516.jpg" xf="137" xm="165" xs="195" yf="163" ym="237" ys="163"/>
	<face file="20080105.jpg" xf="135" xm="163" xs="196" yf="169" ym="246" ys="172"/>
	<face file="20080503.jpg" xf="132" xm="161" xs="194" yf="173" ym="251" ys="173"/>
	<face file="20080223.jpg" xf="116" xm="149" xs="174" yf="189" ym="247" ys="171"/>
	<face file="20080320.jpg" xf="136" xm="164" xs="191" yf="201" ym="257" ys="201"/>
	<face file="20080314.jpg" xf="134" xm="163" xs="195" yf="179" ym="257" ys="179"/>
	<face file="20080216.jpg" xf="140" xm="172" xs="203" yf="157" ym="233" ys="156"/>
	<face file="20080419.jpg" xf="139" xm="163" xs="187" yf="193" ym="250" ys="192"/>
	<face file="20080610.jpg" xf="128" xm="156" xs="185" yf="172" ym="244" ys="172"/>
	<face file="20080222.jpg" xf="123" xm="151" xs="184" yf="167" ym="243" ys="168"/>
	<face file="20080106.jpg" xf="135" xm="163" xs="197" yf="173" ym="251" ys="173"/>
	<face file="20080526.jpg" xf="140" xm="165" xs="194" yf="182" ym="235" ys="160"/>
	<face file="20080206.jpg" xf="143" xm="169" xs="200" yf="202" ym="257" ys="179"/>
	<face file="20080101.jpg" xf="144" xm="172" xs="200" yf="182" ym="259" ys="182"/>
	<face file="20080619.jpg" xf="112" xm="141" xs="170" yf="198" ym="271" ys="198"/>
	<face file="20080317.jpg" xf="125" xm="155" xs="188" yf="183" ym="262" ys="182"/>
	<face file="20080409.jpg" xf="148" xm="172" xs="206" yf="193" ym="249" ys="171"/>
	<face file="20080404.jpg" xf="144" xm="163" xs="186" yf="172" ym="227" ys="172"/>
	<face file="20080406.jpg" xf="149" xm="175" xs="206" yf="200" ym="255" ys="180"/>
	<face file="20080623.jpg" xf="106" xm="132" xs="163" yf="184" ym="257" ys="186"/>
	<face file="20080603.jpg" xf="145" xm="167" xs="193" yf="198" ym="254" ys="198"/>
	<face file="20080219.jpg" xf="142" xm="164" xs="195" yf="178" ym="236" ys="161"/>
	<face file="20080111.jpg" xf="141" xm="169" xs="202" yf="178" ym="257" ys="182"/>
	<face file="20080420.jpg" xf="138" xm="167" xs="196" yf="164" ym="240" ys="163"/>
	<face file="20080429.jpg" xf="119" xm="148" xs="180" yf="160" ym="238" ys="159"/>
	<face file="20080327.jpg" xf="132" xm="160" xs="191" yf="181" ym="258" ys="181"/>
	<face file="20080116.jpg" xf="126" xm="155" xs="188" yf="170" ym="250" ys="172"/>
	<face file="20080510.jpg" xf="141" xm="171" xs="196" yf="194" ym="247" ys="192"/>
	<face file="20080626.jpg" xf="111" xm="136" xs="167" yf="209" ym="262" ys="191"/>
	<face file="20080313.jpg" xf="139" xm="168" xs="201" yf="177" ym="257" ys="176"/>
	<face file="20080120.jpg" xf="126" xm="154" xs="184" yf="170" ym="248" ys="169"/>
	<face file="20080422.jpg" xf="141" xm="166" xs="192" yf="180" ym="235" ys="157"/>
	<face file="20080205.jpg" xf="141" xm="170" xs="201" yf="175" ym="250" ys="172"/>
	<face file="20080312.jpg" xf="138" xm="161" xs="185" yf="180" ym="235" ys="178"/>
	<face file="20080211.jpg" xf="142" xm="165" xs="197" yf="194" ym="252" ys="174"/>
	<face file="20080115.jpg" xf="128" xm="156" xs="187" yf="186" ym="266" ys="187"/>
	<face file="20080430.jpg" xf="139" xm="168" xs="194" yf="170" ym="246" ys="168"/>
	<face file="20080321.jpg" xf="134" xm="163" xs="196" yf="190" ym="268" ys="191"/>
	<face file="20080112.jpg" xf="145" xm="168" xs="198" yf="199" ym="255" ys="179"/>
	<face file="20080611.jpg" xf="135" xm="161" xs="192" yf="185" ym="263" ys="184"/>
	<face file="20080418.jpg" xf="130" xm="158" xs="185" yf="181" ym="257" ys="182"/>
	<face file="20080323.jpg" xf="130" xm="155" xs="181" yf="195" ym="251" ys="172"/>
	<face file="20080306.jpg" xf="142" xm="170" xs="200" yf="175" ym="254" ys="177"/>
	<face file="20080524.jpg" xf="151" xm="172" xs="201" yf="201" ym="255" ys="180"/>
	<face file="20080624.jpg" xf="111" xm="134" xs="167" yf="192" ym="266" ys="196"/>
	<face file="20080629.jpg" xf="116" xm="143" xs="172" yf="194" ym="267" ys="194"/>
	<face file="20080220.jpg" xf="135" xm="163" xs="193" yf="175" ym="250" ys="175"/>
	<face file="20080123.jpg" xf="132" xm="161" xs="196" yf="158" ym="239" ys="160"/>
	<face file="20080118.jpg" xf="127" xm="148" xs="173" yf="193" ym="249" ys="193"/>
	<face file="20080613.jpg" xf="114" xm="144" xs="177" yf="179" ym="258" ys="179"/>
	<face file="20080401.jpg" xf="126" xm="156" xs="190" yf="169" ym="251" ys="169"/>
	<face file="20080530.jpg" xf="121" xm="149" xs="182" yf="165" ym="244" ys="166"/>
	<face file="20080408.jpg" xf="136" xm="167" xs="200" yf="189" ym="267" ys="189"/>
	<face file="20080225.jpg" xf="136" xm="158" xs="188" yf="189" ym="245" ys="172"/>
	<face file="20080529.jpg" xf="139" xm="168" xs="199" yf="169" ym="247" ys="169"/>
	<face file="20080521.jpg" xf="142" xm="170" xs="203" yf="205" ym="258" ys="180"/>
	<face file="20081229.jpg" xf="118" xm="143" xs="174" yf="188" ym="260" ys="189"/>
	<face file="20081202.jpg" xf="118" xm="139" xs="164" yf="209" ym="262" ys="210"/>
	<face file="20080905.jpg" xf="130" xm="151" xs="181" yf="191" ym="263" ys="193"/>
	<face file="20081111.jpg" xf="106" xm="134" xs="159" yf="193" ym="264" ys="193"/>
	<face file="20080710.jpg" xf="104" xm="129" xs="160" yf="189" ym="262" ys="191"/>
	<face file="20081212.jpg" xf="121" xm="147" xs="176" yf="185" ym="256" ys="187"/>
	<face file="20080904.jpg" xf="137" xm="155" xs="181" yf="211" ym="263" ys="213"/>
	<face file="20080930.jpg" xf="110" xm="137" xs="167" yf="190" ym="268" ys="190"/>
	<face file="20080702.jpg" xf="107" xm="135" xs="166" yf="203" ym="276" ys="204"/>
	<face file="20081031.jpg" xf="114" xm="144" xs="173" yf="183" ym="257" ys="184"/>
	<face file="20080726.jpg" xf="121" xm="146" xs="177" yf="199" ym="275" ys="201"/>
	<face file="20081001.jpg" xf="102" xm="127" xs="153" yf="199" ym="271" ys="199"/>
	<face file="20081106.jpg" xf="107" xm="131" xs="155" yf="206" ym="260" ys="187"/>
	<face file="20081117.jpg" xf="110" xm="137" xs="170" yf="187" ym="260" ys="189"/>
	<face file="20080719.jpg" xf="110" xm="137" xs="169" yf="195" ym="272" ys="197"/>
	<face file="20081223.jpg" xf="115" xm="137" xs="161" yf="210" ym="259" ys="208"/>
	<face file="20080819.jpg" xf="116" xm="142" xs="173" yf="196" ym="272" ys="196"/>
	<face file="20081219.jpg" xf="116" xm="145" xs="171" yf="182" ym="254" ys="180"/>
	<face file="20080913.jpg" xf="118" xm="141" xs="176" yf="190" ym="268" ys="197"/>
	<face file="20080723.jpg" xf="117" xm="141" xs="174" yf="215" ym="266" ys="196"/>
	<face file="20080807.jpg" xf="110" xm="136" xs="167" yf="193" ym="269" ys="194"/>
	<face file="20080831.jpg" xf="118" xm="142" xs="176" yf="191" ym="267" ys="197"/>
	<face file="20081226.jpg" xf="124" xm="147" xs="177" yf="206" ym="258" ys="192"/>
	<face file="20080803.jpg" xf="116" xm="140" xs="170" yf="204" ym="257" ys="206"/>
	<face file="20081103.jpg" xf="113" xm="139" xs="174" yf="210" ym="265" ys="192"/>
	<face file="20080808.jpg" xf="112" xm="139" xs="169" yf="203" ym="278" ys="203"/>
	<face file="20080711.jpg" xf="114" xm="138" xs="164" yf="214" ym="265" ys="215"/>
	<face file="20080813.jpg" xf="117" xm="142" xs="174" yf="187" ym="263" ys="188"/>
	<face file="20081130.jpg" xf="115" xm="138" xs="175" yf="210" ym="262" ys="199"/>
	<face file="20081211.jpg" xf="120" xm="144" xs="180" yf="208" ym="262" ys="192"/>
	<face file="20080705.jpg" xf="106" xm="133" xs="163" yf="204" ym="279" ys="204"/>
	<face file="20080822.jpg" xf="114" xm="140" xs="170" yf="193" ym="268" ys="194"/>
	<face file="20081205.jpg" xf="115" xm="140" xs="175" yf="182" ym="256" ys="189"/>
	<face file="20080902.jpg" xf="117" xm="142" xs="176" yf="199" ym="272" ys="204"/>
	<face file="20080917.jpg" xf="120" xm="145" xs="181" yf="186" ym="256" ys="191"/>
	<face file="20081121.jpg" xf="117" xm="143" xs="173" yf="203" ym="256" ys="186"/>
	<face file="20081026.jpg" xf="114" xm="142" xs="175" yf="195" ym="271" ys="198"/>
	<face file="20081008.jpg" xf="119" xm="145" xs="176" yf="184" ym="261" ys="185"/>
	<face file="20080715.jpg" xf="117" xm="140" xs="174" yf="190" ym="264" ys="194"/>
	<face file="20080824.jpg" xf="116" xm="139" xs="171" yf="188" ym="260" ys="191"/>
	<face file="20080922.jpg" xf="109" xm="135" xs="168" yf="198" ym="269" ys="200"/>
	<face file="20081126.jpg" xf="109" xm="137" xs="172" yf="208" ym="260" ys="196"/>
	<face file="20081129.jpg" xf="122" xm="141" xs="177" yf="208" ym="264" ys="196"/>
	<face file="20080730.jpg" xf="119" xm="144" xs="169" yf="206" ym="258" ys="206"/>
	<face file="20081109.jpg" xf="115" xm="140" xs="174" yf="191" ym="263" ys="196"/>
	<face file="20081028.jpg" xf="130" xm="158" xs="189" yf="193" ym="267" ys="194"/>
	<face file="20081013.jpg" xf="112" xm="139" xs="171" yf="191" ym="267" ys="194"/>
	<face file="20081018.jpg" xf="116" xm="141" xs="173" yf="183" ym="258" ys="187"/>
	<face file="20081204.jpg" xf="114" xm="139" xs="170" yf="193" ym="267" ys="197"/>
	<face file="20081009.jpg" xf="112" xm="126" xs="168" yf="181" ym="281" ys="182"/>
	<face file="20080707.jpg" xf="125" xm="148" xs="183" yf="195" ym="268" ys="200"/>
	<face file="20081208.jpg" xf="116" xm="140" xs="167" yf="200" ym="253" ys="202"/>
	<face file="20081216.jpg" xf="121" xm="145" xs="173" yf="204" ym="255" ys="205"/>
	<face file="20081207.jpg" xf="115" xm="139" xs="172" yf="184" ym="257" ys="188"/>
	<face file="20080911.jpg" xf="105" xm="128" xs="163" yf="195" ym="269" ys="198"/>
	<face file="20081002.jpg" xf="119" xm="145" xs="177" yf="184" ym="262" ys="187"/>
	<face file="20081011.jpg" xf="106" xm="134" xs="164" yf="185" ym="262" ys="188"/>
	<face file="20080704.jpg" xf="110" xm="137" xs="167" yf="193" ym="266" ys="192"/>
	<face file="20081017.jpg" xf="115" xm="142" xs="175" yf="213" ym="267" ys="200"/>
	<face file="20081006.jpg" xf="119" xm="145" xs="173" yf="212" ym="266" ys="212"/>
	<face file="20081108.jpg" xf="113" xm="136" xs="168" yf="211" ym="266" ys="198"/>
	<face file="20080720.jpg" xf="109" xm="137" xs="168" yf="191" ym="266" ys="191"/>
	<face file="20081120.jpg" xf="117" xm="141" xs="177" yf="184" ym="261" ys="189"/>
	<face file="20080918.jpg" xf="117" xm="141" xs="171" yf="194" ym="268" ys="195"/>
	<face file="20081113.jpg" xf="115" xm="143" xs="173" yf="179" ym="252" ys="181"/>
	<face file="20081019.jpg" xf="114" xm="140" xs="170" yf="190" ym="265" ys="191"/>
	<face file="20080810.jpg" xf="125" xm="146" xs="167" yf="207" ym="261" ys="208"/>
	<face file="20080921.jpg" xf="118" xm="141" xs="173" yf="210" ym="262" ys="194"/>
	<face file="20081105.jpg" xf="104" xm="132" xs="163" yf="184" ym="260" ys="185"/>
	<face file="20080827.jpg" xf="116" xm="140" xs="171" yf="183" ym="256" ys="185"/>
	<face file="20081125.jpg" xf="116" xm="140" xs="167" yf="215" ym="265" ys="196"/>
	<face file="20080903.jpg" xf="126" xm="129" xs="168" yf="211" ym="293" ys="213"/>
	<face file="20081217.jpg" xf="115" xm="138" xs="169" yf="208" ym="260" ys="209"/>
	<face file="20081119.jpg" xf="116" xm="140" xs="171" yf="193" ym="265" ys="195"/>
	<face file="20080906.jpg" xf="126" xm="148" xs="172" yf="212" ym="264" ys="212"/>
	<face file="20080909.jpg" xf="115" xm="140" xs="170" yf="188" ym="263" ys="191"/>
	<face file="20080804.jpg" xf="120" xm="146" xs="180" yf="185" ym="262" ys="188"/>
	<face file="20080701.jpg" xf="111" xm="137" xs="165" yf="194" ym="265" ys="195"/>
	<face file="20080928.jpg" xf="117" xm="138" xs="162" yf="203" ym="256" ys="203"/>
	<face file="20081201.jpg" xf="110" xm="131" xs="159" yf="200" ym="256" ys="180"/>
	<face file="20081004.jpg" xf="108" xm="134" xs="165" yf="190" ym="267" ys="191"/>
	<face file="20080708.jpg" xf="107" xm="132" xs="163" yf="225" ym="279" ys="206"/>
	<face file="20080908.jpg" xf="122" xm="146" xs="177" yf="197" ym="267" ys="199"/>
	<face file="20081209.jpg" xf="110" xm="137" xs="171" yf="184" ym="257" ys="189"/>
	<face file="20081101.jpg" xf="120" xm="137" xs="165" yf="209" ym="262" ys="211"/>
	<face file="20081025.jpg" xf="122" xm="146" xs="168" yf="212" ym="262" ys="211"/>
	<face file="20080713.jpg" xf="105" xm="132" xs="165" yf="201" ym="276" ys="201"/>
	<face file="20080914.jpg" xf="108" xm="133" xs="168" yf="194" ym="268" ys="197"/>
	<face file="20081213.jpg" xf="114" xm="141" xs="166" yf="184" ym="254" ys="188"/>
	<face file="20081010.jpg" xf="116" xm="144" xs="176" yf="182" ym="258" ys="183"/>
	<face file="20080802.jpg" xf="118" xm="146" xs="179" yf="184" ym="261" ys="185"/>
	<face file="20081023.jpg" xf="121" xm="147" xs="182" yf="174" ym="248" ys="176"/>
	<face file="20080716.jpg" xf="111" xm="138" xs="170" yf="191" ym="268" ys="194"/>
	<face file="20080923.jpg" xf="108" xm="130" xs="165" yf="189" ym="261" ys="192"/>
	<face file="20081110.jpg" xf="115" xm="141" xs="170" yf="187" ym="260" ys="187"/>
	<face file="20080817.jpg" xf="111" xm="136" xs="165" yf="197" ym="270" ys="199"/>
	<face file="20080910.jpg" xf="105" xm="127" xs="160" yf="187" ym="260" ys="190"/>
	<face file="20081029.jpg" xf="123" xm="149" xs="182" yf="193" ym="266" ys="194"/>
	<face file="20080709.jpg" xf="105" xm="111" xs="159" yf="187" ym="284" ys="190"/>
	<face file="20080722.jpg" xf="114" xm="143" xs="173" yf="196" ym="269" ys="198"/>
	<face file="20081014.jpg" xf="117" xm="141" xs="172" yf="187" ym="262" ys="190"/>
	<face file="20081230.jpg" xf="119" xm="150" xs="179" yf="179" ym="254" ys="178"/>
	<face file="20081024.jpg" xf="112" xm="139" xs="168" yf="188" ym="258" ys="189"/>
	<face file="20080927.jpg" xf="108" xm="127" xs="149" yf="205" ym="254" ys="205"/>
	<face file="20081222.jpg" xf="119" xm="147" xs="181" yf="186" ym="258" ys="189"/>
	<face file="20080818.jpg" xf="117" xm="141" xs="173" yf="197" ym="271" ys="200"/>
	<face file="20081206.jpg" xf="122" xm="139" xs="176" yf="209" ym="261" ys="195"/>
	<face file="20080826.jpg" xf="120" xm="147" xs="178" yf="189" ym="261" ys="191"/>
	<face file="20081012.jpg" xf="120" xm="139" xs="174" yf="215" ym="269" ys="198"/>
	<face file="20080703.jpg" xf="109" xm="134" xs="170" yf="195" ym="271" ys="198"/>
	<face file="20081030.jpg" xf="119" xm="147" xs="175" yf="196" ym="270" ys="196"/>
	<face file="20080816.jpg" xf="113" xm="141" xs="173" yf="194" ym="268" ys="194"/>
	<face file="20081203.jpg" xf="117" xm="144" xs="179" yf="179" ym="257" ys="182"/>
	<face file="20081022.jpg" xf="121" xm="149" xs="179" yf="201" ym="273" ys="202"/>
	<face file="20080706.jpg" xf="109" xm="133" xs="163" yf="193" ym="266" ys="196"/>
	<face file="20081123.jpg" xf="118" xm="137" xs="165" yf="206" ym="258" ys="191"/>
	<face file="20080925.jpg" xf="118" xm="141" xs="165" yf="213" ym="264" ys="214"/>
	<face file="20080823.jpg" xf="116" xm="143" xs="177" yf="219" ym="270" ys="204"/>
	<face file="20081128.jpg" xf="111" xm="138" xs="168" yf="187" ym="265" ys="190"/>
	<face file="20081005.jpg" xf="109" xm="133" xs="161" yf="211" ym="262" ys="212"/>
	<face file="20081231.jpg" xf="117" xm="142" xs="174" yf="191" ym="261" ys="191"/>
	<face file="20080916.jpg" xf="122" xm="142" xs="166" yf="211" ym="263" ys="211"/>
	<face file="20080731.jpg" xf="130" xm="147" xs="186" yf="211" ym="265" ys="198"/>
	<face file="20081225.jpg" xf="118" xm="143" xs="174" yf="185" ym="258" ys="189"/>
	<face file="20080728.jpg" xf="114" xm="141" xs="168" yf="219" ym="278" ys="224"/>
	<face file="20080725.jpg" xf="125" xm="145" xs="168" yf="212" ym="264" ys="212"/>
	<face file="20080712.jpg" xf="101" xm="128" xs="161" yf="200" ym="277" ys="202"/>
	<face file="20080812.jpg" xf="111" xm="139" xs="169" yf="194" ym="272" ys="195"/>
	<face file="20080801.jpg" xf="121" xm="139" xs="164" yf="206" ym="256" ys="206"/>
	<face file="20080727.jpg" xf="119" xm="146" xs="177" yf="187" ym="261" ys="189"/>
	<face file="20081127.jpg" xf="115" xm="143" xs="171" yf="189" ym="261" ys="192"/>
	<face file="20081215.jpg" xf="105" xm="130" xs="162" yf="189" ym="263" ys="196"/>
	<face file="20081104.jpg" xf="117" xm="142" xs="172" yf="188" ym="265" ys="190"/>
	<face file="20081020.jpg" xf="117" xm="131" xs="172" yf="182" ym="287" ys="183"/>
	<face file="20080806.jpg" xf="111" xm="137" xs="169" yf="183" ym="261" ys="185"/>
	<face file="20081007.jpg" xf="115" xm="144" xs="179" yf="186" ym="263" ys="190"/>
	<face file="20080809.jpg" xf="116" xm="122" xs="176" yf="210" ym="293" ys="196"/>
	<face file="20081210.jpg" xf="117" xm="144" xs="176" yf="181" ym="253" ys="186"/>
	<face file="20080829.jpg" xf="123" xm="150" xs="180" yf="195" ym="269" ys="196"/>
	<face file="20081116.jpg" xf="110" xm="132" xs="159" yf="213" ym="263" ys="214"/>
	<face file="20081218.jpg" xf="109" xm="138" xs="166" yf="189" ym="262" ys="190"/>
	<face file="20080724.jpg" xf="111" xm="115" xs="167" yf="206" ym="282" ys="194"/>
	<face file="20081003.jpg" xf="118" xm="145" xs="175" yf="186" ym="259" ys="185"/>
	<face file="20080820.jpg" xf="127" xm="145" xs="166" yf="212" ym="267" ys="211"/>
	<face file="20081227.jpg" xf="127" xm="148" xs="171" yf="211" ym="261" ys="211"/>
	<face file="20080926.jpg" xf="121" xm="141" xs="162" yf="217" ym="272" ys="217"/>
	<face file="20080929.jpg" xf="118" xm="141" xs="163" yf="218" ym="268" ys="217"/>
	<face file="20080714.jpg" xf="111" xm="136" xs="170" yf="192" ym="267" ys="197"/>
	<face file="20080814.jpg" xf="114" xm="138" xs="173" yf="211" ym="266" ys="198"/>
	<face file="20081114.jpg" xf="107" xm="134" xs="162" yf="183" ym="254" ys="184"/>
	<face file="20081224.jpg" xf="116" xm="141" xs="171" yf="191" ym="263" ys="194"/>
	<face file="20081016.jpg" xf="114" xm="139" xs="173" yf="186" ym="262" ys="187"/>
	<face file="20081112.jpg" xf="109" xm="135" xs="164" yf="183" ym="253" ys="184"/>
	<face file="20080828.jpg" xf="123" xm="148" xs="183" yf="196" ym="271" ys="198"/>
	<face file="20081027.jpg" xf="111" xm="136" xs="163" yf="191" ym="263" ys="192"/>
	<face file="20080718.jpg" xf="105" xm="133" xs="164" yf="186" ym="265" ys="187"/>
	<face file="20080915.jpg" xf="123" xm="142" xs="173" yf="216" ym="266" ys="196"/>
	<face file="20081021.jpg" xf="112" xm="137" xs="169" yf="180" ym="256" ys="182"/>
	<face file="20080825.jpg" xf="125" xm="148" xs="174" yf="209" ym="262" ys="211"/>
	<face file="20080805.jpg" xf="115" xm="136" xs="170" yf="202" ym="278" ys="207"/>
	<face file="20080901.jpg" xf="116" xm="140" xs="173" yf="192" ym="268" ys="196"/>
	<face file="20081220.jpg" xf="122" xm="149" xs="177" yf="186" ym="256" ys="185"/>
	<face file="20080717.jpg" xf="105" xm="130" xs="165" yf="190" ym="266" ys="191"/>
	<face file="20081124.jpg" xf="115" xm="138" xs="160" yf="211" ym="266" ys="212"/>
	<face file="20080920.jpg" xf="116" xm="142" xs="176" yf="184" ym="258" ys="187"/>
	<face file="20081221.jpg" xf="110" xm="137" xs="168" yf="178" ym="252" ys="178"/>
	<face file="20081214.jpg" xf="111" xm="134" xs="160" yf="178" ym="249" ys="178"/>
	<face file="20080721.jpg" xf="116" xm="140" xs="176" yf="217" ym="273" ys="202"/>
	<face file="20080907.jpg" xf="112" xm="135" xs="158" yf="212" ym="263" ys="192"/>
	<face file="20081118.jpg" xf="116" xm="142" xs="167" yf="203" ym="255" ys="204"/>
	<face file="20081228.jpg" xf="123" xm="149" xs="180" yf="204" ym="255" ys="205"/>
	<face file="20081107.jpg" xf="111" xm="139" xs="171" yf="188" ym="261" ys="191"/>
	<face file="20080729.jpg" xf="108" xm="134" xs="166" yf="186" ym="262" ys="186"/>
	<face file="20081102.jpg" xf="115" xm="139" xs="168" yf="191" ym="265" ys="193"/>
	<face file="20080821.jpg" xf="120" xm="142" xs="174" yf="201" ym="273" ys="203"/>
	<face file="20080811.jpg" xf="110" xm="135" xs="167" yf="198" ym="272" ys="200"/>
	<face file="20081115.jpg" xf="121" xm="146" xs="172" yf="205" ym="257" ys="207"/>
	<face file="20081122.jpg" xf="126" xm="147" xs="173" yf="212" ym="261" ys="212"/>
	<face file="20081015.jpg" xf="109" xm="133" xs="164" yf="191" ym="267" ys="193"/>
	<face file="20080924.jpg" xf="112" xm="135" xs="164" yf="206" ym="278" ys="208"/>
	<face file="20080919.jpg" xf="110" xm="132" xs="160" yf="186" ym="257" ys="187"/>
	<face file="20080830.jpg" xf="118" xm="140" xs="173" yf="190" ym="263" ys="194"/>
	<face file="20080912.jpg" xf="106" xm="131" xs="163" yf="192" ym="267" ys="195"/>
	<face file="20080815.jpg" xf="121" xm="140" xs="179" yf="211" ym="265" ys="196"/>
</faces>
